datetime,648,656A,554,419,664,564,734,552,748,415,421,621E,442,724,423,644,656B,510,722,746,424,621C,668,621,621A,458,721,723,422,448,726,452,454,417,462,446,666,754,558,717,621D,719,776,456,556,513,752,562,640
2013-08-27 00:00:00,231.60833333333332,541.0666666666667,797.6833333333333,584.5083333333333,729.8166666666667,548.95,414.7916666666667,470.975,602.1,629.3,427.4166666666667,593.475,920.75,278.31666666666666,461.51666666666665,518.8166666666667,662.4666666666667,474.55833333333334,428.9,680.3,507.45,523.925,454.7,579.5583333333333,515.8666666666667,605.4833333333333,409.2,474.4086956521739,530.6333333333333,490.65,496.2583333333333,462.23333333333335,436.5,460.64166666666665,542.3333333333334,613.1833333333333,508.43333333333334,494.69166666666666,502.0833333333333,469.925,601.1166666666667,501.21666666666664,630.7166666666667,547.225,567.4833333333333,451.73333333333335,498.525,351.98333333333335,516.7333333333333
2013-08-27 00:10:00,226.98333333333332,540.8166666666667,771.05,576.5083333333333,648.5,523.6666666666666,410.875,469.6333333333333,595.75,606.675,420.175,583.975,920.075,274.05833333333334,459.71666666666664,519.1333333333333,642.825,477.3333333333333,429.69166666666666,670.8583333333333,508.7416666666667,522.925,447.8,575.125,491.84166666666664,600.2,408.2,472.825,526.425,487.76666666666665,491.4583333333333,461.10833333333335,436.73333333333335,458.875,539.8,613.1416666666667,504.96666666666664,491.65833333333336,501.95,467.81666666666666,592.575,499.46666666666664,626.9416666666667,545.725,561.325,445.35833333333335,495.26666666666665,412.53333333333336,515.6666666666666
2013-08-27 00:20:00,220.6890756302521,531.6333333333333,745.6083333333333,567.1083333333333,670.7,498.225,412.2583333333333,464.0083333333333,586.8333333333334,599.375,417.8333333333333,582.2333333333333,929.2083333333334,270.80833333333334,457.68333333333334,513.0583333333333,626.075,469.01666666666665,430.125,658.6833333333333,508.80833333333334,517.85,439.43333333333334,562.6916666666667,463.81666666666666,593.45,406.64166666666665,468.95,517.4166666666666,486.4166666666667,487.6,459.23333333333335,435.7916666666667,452.8333333333333,533.0083333333333,606.4833333333333,501.15,488.68333333333334,498.3833333333333,463.64166666666665,579.9333333333333,495.4,623.2333333333333,543.4583333333334,554.8166666666667,444.51666666666665,489.675,419.7083333333333,508.8833333333333
2013-08-27 00:30:00,215.66666666666666,521.4166666666666,772.1083333333333,562.7333333333333,706.9833333333333,445.94166666666666,435.31666666666666,458.28333333333336,582.675,583.1916666666667,411.78333333333336,574.1833333333333,920.3166666666667,269.26666666666665,454.71666666666664,505.65833333333336,619.4416666666667,461.65833333333336,424.1333333333333,632.2166666666667,503.775,512.0416666666666,449.0833333333333,545.6333333333333,449.2083333333333,580.45,402.125,459.728813559322,512.725,482.5416666666667,484.025,458.175,431.98333333333335,447.48333333333335,521.9166666666666,596.1583333333333,488.55,483.6,492.55,459.98333333333335,567.1083333333333,491.69166666666666,616.65,538.6166666666667,543.4083333333333,438.7,485.7416666666667,385.40833333333336,498.35
2013-08-27 00:40:00,214.74166666666667,514.0333333333333,752.7833333333333,551.975,688.65,403.025,429.1,448.68333333333334,572.3,573.1583333333333,411.76666666666665,565.675,915.9916666666667,258.025,449.1,502.2583333333333,599.0166666666667,449.68333333333334,415.7226890756302,615.8166666666667,499.4,504.93333333333334,449.075,535.025,437.18333333333334,571.2,395.6333333333333,453.05,505.71666666666664,476.85833333333335,480.5,450.4166666666667,427.64166666666665,438.39166666666665,513.675,594.1666666666666,485.18333333333334,475.8333333333333,483.1166666666667,451.5,561.775,484.05833333333334,608.6166666666667,529.4083333333333,535.3166666666667,433.80833333333334,478.8833333333333,356.875,492.30833333333334
2013-08-27 00:50:00,203.05,502.1333333333333,680.7,541.7166666666667,655.6833333333333,383.925,422.1666666666667,443.875,562.1416666666667,561.4,411.19166666666666,559.9083333333333,924.6333333333333,255.17796610169492,447.2916666666667,496.78333333333336,597.275,436.60833333333335,413.5882352941176,606.325,495.71666666666664,494.8833333333333,470.80833333333334,524.975,427.64462809917353,562.325,388.125,445.525,496.5833333333333,471.8666666666667,470.4583333333333,449.56666666666666,424.6166666666667,428.21666666666664,507.30833333333334,582.6666666666666,477.28333333333336,469.48333333333335,475.775,448.5126050420168,553.7916666666666,478.5416666666667,602.55,523.9833333333333,523.9583333333334,427.25,470.45,363.18333333333334,485.125
2013-08-27 01:00:00,204.70833333333334,496.3666666666667,607.3833333333333,528.6166666666667,627.6,370.825,395.4583333333333,437.675,552.2,556.5833333333334,411.6666666666667,553.0333333333333,942.175,251.84166666666667,441.25,493.8333333333333,594.9333333333333,411.775,406.075,590.4416666666667,485.725,490.94166666666666,521.3583333333333,517.7583333333333,421.03333333333336,553.5666666666667,381.4,443.31666666666666,488.55833333333334,467.2083333333333,468.0,443.19166666666666,417.3833333333333,424.84166666666664,500.06666666666666,573.075,470.575,463.8333333333333,471.1,444.125,543.2,471.7,595.25,517.4833333333333,517.9916666666667,420.35,466.9916666666667,353.95,478.65833333333336
2013-08-27 01:10:00,187.18333333333334,490.6666666666667,573.2166666666667,524.9,610.7916666666666,412.23333333333335,403.06666666666666,430.5,544.5166666666667,545.9666666666667,405.39166666666665,546.4833333333333,843.8333333333334,244.60330578512398,432.56666666666666,488.68333333333334,587.9916666666667,400.6333333333333,400.18333333333334,583.2083333333334,481.6166666666667,485.3666666666667,472.475,510.31666666666666,414.4166666666667,548.1916666666667,378.3,435.39166666666665,482.85833333333335,464.05833333333334,462.90833333333336,438.94166666666666,417.15833333333336,414.9916666666667,492.775,567.1833333333333,467.78333333333336,458.89166666666665,462.31666666666666,438.84166666666664,537.1833333333333,468.9,587.8166666666667,509.34166666666664,509.43333333333334,418.7,457.65833333333336,328.95,473.14166666666665
2013-08-27 01:20:00,176.06666666666666,485.45,544.9333333333333,514.1916666666667,593.7916666666666,425.0,403.43333333333334,424.0,538.4333333333333,540.7916666666666,398.7083333333333,544.5677966101695,733.6583333333333,239.05042016806723,432.025,479.73333333333335,576.775,394.0833333333333,392.9166666666667,573.85,480.0833333333333,476.325,453.93333333333334,503.575,409.87394957983196,544.8583333333333,371.1666666666667,431.81666666666666,471.225,454.06666666666666,450.8,431.94166666666666,405.9583333333333,407.85833333333335,485.5,556.6833333333333,458.19166666666666,450.56666666666666,456.71666666666664,433.48333333333335,527.6,463.3,581.5833333333334,501.56666666666666,501.03333333333336,425.98333333333335,450.225,342.0,464.6666666666667
2013-08-27 01:30:00,171.43333333333334,485.775,538.675,508.05833333333334,591.3083333333333,400.35833333333335,401.31666666666666,418.1949152542373,534.0916666666667,538.3,390.35833333333335,532.7916666666666,663.575,234.84166666666667,422.85,480.6666666666667,577.175,390.84166666666664,389.0416666666667,570.2583333333333,482.5833333333333,473.7416666666667,431.7583333333333,497.075,402.14166666666665,537.0083333333333,365.925,423.1333333333333,465.7083333333333,452.1,450.55833333333334,429.3,406.85833333333335,404.0,481.475,552.75,455.34166666666664,445.26666666666665,451.45,425.1166666666667,524.7416666666667,455.7416666666667,574.0666666666667,494.7083333333333,496.0416666666667,476.45,447.3833333333333,346.09166666666664,464.06666666666666
2013-08-27 01:40:00,168.33333333333334,481.4916666666667,524.525,497.93333333333334,585.6166666666667,396.55,396.4166666666667,412.51666666666665,523.9666666666667,534.8833333333333,387.4166666666667,527.0833333333334,609.9333333333333,232.06666666666666,418.6666666666667,477.21666666666664,566.975,383.05833333333334,383.59166666666664,561.3416666666667,475.7083333333333,468.4033613445378,421.875,492.39166666666665,400.25,529.3,362.4583333333333,420.7083333333333,461.425,444.1666666666667,442.075,422.18333333333334,397.5882352941176,400.30833333333334,474.5833333333333,544.6583333333333,445.375,442.0,445.2083333333333,423.65,517.9583333333334,451.0083333333333,566.9833333333333,490.4583333333333,490.01666666666665,490.01666666666665,439.425,345.825,454.53333333333336
2013-08-27 01:50:00,165.3,481.30833333333334,511.40833333333336,492.40833333333336,569.325,376.025,395.0416666666667,406.3666666666667,517.2833333333333,523.7666666666667,378.775,519.3333333333334,576.825,225.86666666666667,413.125,474.34166666666664,561.3916666666667,376.4166666666667,381.3,602.625,469.90833333333336,461.275,422.18333333333334,484.925,397.175,523.8833333333333,358.325,413.575,455.8833333333333,441.85,437.60833333333335,417.64166666666665,392.53333333333336,393.55833333333334,493.375,539.45,442.325,438.94166666666666,441.6666666666667,421.0083333333333,513.25,447.4916666666667,562.5333333333333,481.26666666666665,485.21666666666664,471.4583333333333,436.6166666666667,320.80833333333334,447.64166666666665
2013-08-27 02:00:00,163.61666666666667,483.5,507.2583333333333,489.25,558.5833333333334,345.0083333333333,393.425,404.01666666666665,511.525,522.2083333333334,377.48333333333335,519.2916666666666,548.3166666666667,221.84166666666667,408.51666666666665,472.35833333333335,558.8583333333333,372.225,375.225,717.2583333333333,463.3666666666667,457.525,417.7583333333333,485.19166666666666,391.725,523.8833333333333,352.56666666666666,409.09166666666664,454.6166666666667,437.40833333333336,430.1666666666667,411.9,390.2583333333333,386.1,566.6833333333333,532.4166666666666,438.69166666666666,434.9583333333333,438.23333333333335,416.375,508.95,445.10833333333335,556.1666666666666,477.8,477.2916666666667,449.03333333333336,432.53333333333336,303.5,444.89166666666665
2013-08-27 02:10:00,170.26666666666668,505.26666666666665,501.125,484.825,556.75,349.1,370.1666666666667,397.68333333333334,508.025,516.15,377.23333333333335,513.1,525.6166666666667,220.56666666666666,406.85,471.85,567.5,370.48333333333335,370.60330578512395,730.425,456.69166666666666,455.725,412.2916666666667,479.6,392.575,517.9833333333333,348.925,406.375,450.15,437.35,423.2916666666667,406.3833333333333,382.725,383.1166666666667,567.5666666666667,528.2333333333333,436.2083333333333,431.84166666666664,434.4916666666667,416.2,507.525,442.3333333333333,547.9,472.23333333333335,476.60833333333335,425.675,429.175,290.2416666666667,441.89166666666665
2013-08-27 02:20:00,146.48333333333332,507.35833333333335,492.98333333333335,476.43333333333334,550.7166666666667,341.5416666666667,342.0833333333333,394.575,504.4166666666667,508.425,368.14166666666665,507.35833333333335,509.14166666666665,213.90833333333333,396.60833333333335,461.475,585.8416666666667,358.69166666666666,362.1166666666667,637.1916666666667,452.475,445.96666666666664,388.31666666666666,468.10833333333335,381.9916666666667,500.8333333333333,344.925,397.89166666666665,438.2416666666667,424.10833333333335,418.2,404.5833333333333,381.7416666666667,376.59166666666664,569.025,520.8083333333333,427.80833333333334,423.5833333333333,429.43333333333334,407.6333333333333,498.73333333333335,435.7583333333333,541.1666666666666,465.95,468.0,416.39166666666665,422.3333333333333,279.1,436.51666666666665
2013-08-27 02:30:00,121.65833333333333,498.3666666666667,488.39166666666665,462.4583333333333,539.8319327731092,370.64166666666665,322.775,381.35833333333335,489.2583333333333,489.59166666666664,348.625,492.52941176470586,492.98333333333335,204.98333333333332,391.7916666666667,447.20168067226894,587.6083333333333,341.725,355.39495798319325,572.4873949579832,442.875,437.81666666666666,365.7731092436975,454.1666666666667,361.46666666666664,482.88235294117646,333.64166666666665,377.8151260504202,426.95,416.16806722689074,406.9,393.21666666666664,372.5833333333333,362.9,543.0672268907563,508.5798319327731,418.725,412.1166666666667,414.48333333333335,396.225,485.5833333333333,420.46666666666664,523.0833333333334,457.175,458.12605042016804,401.60833333333335,412.546218487395,266.84166666666664,416.60833333333335
2013-08-27 02:40:00,110.44166666666666,477.89166666666665,477.96666666666664,454.9583333333333,534.6166666666667,350.425,315.65,373.06666666666666,482.80833333333334,481.34166666666664,344.39166666666665,479.85,480.94166666666666,200.25833333333333,384.1166666666667,439.68595041322317,570.1583333333333,335.8,343.10833333333335,561.05,430.44166666666666,426.0083333333333,363.35833333333335,442.44166666666666,355.1666666666667,482.55,327.26666666666665,371.93333333333334,415.9166666666667,409.075,393.9,385.825,364.1166666666667,357.44166666666666,477.84166666666664,501.0833333333333,412.0,402.44166666666666,407.85,384.125,477.03333333333336,412.65,513.9,449.56666666666666,450.2083333333333,389.23333333333335,403.175,260.0,407.9
2013-08-27 02:50:00,104.35,473.325,473.8235294117647,451.89166666666665,550.5666666666667,309.8666666666667,311.6333333333333,365.14285714285717,475.87394957983196,477.8235294117647,336.15833333333336,475.98319327731093,471.34453781512605,193.26666666666668,377.15833333333336,434.64166666666665,556.8166666666667,324.7583333333333,337.025,523.2583333333333,426.21666666666664,419.65833333333336,351.45,435.85833333333335,349.9,475.3697478991597,321.8833333333333,368.6333333333333,411.8655462184874,402.55833333333334,389.6890756302521,383.73333333333335,361.6166666666667,353.02521008403363,451.5833333333333,488.675,401.68333333333334,392.2,400.325,379.07563025210084,472.01666666666665,408.09166666666664,508.3109243697479,445.93333333333334,444.075,374.0420168067227,395.8,249.575,402.34453781512605
2013-08-27 03:00:00,102.77310924369748,461.4453781512605,464.40833333333336,447.9583333333333,516.8833333333333,290.3109243697479,311.7916666666667,362.775,473.21666666666664,472.475,332.4,467.1333333333333,466.35,191.76666666666668,371.55,432.3833333333333,539.3109243697479,320.7,333.44166666666666,511.4916666666667,415.06666666666666,414.73333333333335,340.5416666666667,429.33613445378154,349.8833333333333,474.5,320.3697478991597,366.2,404.3333333333333,398.15,385.5,374.39166666666665,353.5833333333333,351.98333333333335,436.45,487.15833333333336,400.71666666666664,388.21666666666664,395.4,370.8833333333333,467.94117647058823,401.40833333333336,501.8833333333333,436.95,440.2916666666667,368.1333333333333,392.51666666666665,249.39495798319328,396.6
2013-08-27 03:10:00,103.375,447.31666666666666,458.375,447.1666666666667,459.225,281.675,311.3697478991597,360.8833333333333,471.95,475.01666666666665,329.375,466.51666666666665,459.6666666666667,186.3613445378151,367.025,432.1848739495798,511.85833333333335,326.575,332.2773109243698,509.325,410.175,414.4166666666667,327.8333333333333,432.425,347.0420168067227,480.55833333333334,313.7083333333333,368.34166666666664,405.78333333333336,389.55,380.7083333333333,372.8487394957983,349.075,348.125,431.4916666666667,487.64166666666665,399.23333333333335,385.65546218487395,394.5966386554622,370.76666666666665,465.5,403.16806722689074,504.0083333333333,432.6470588235294,436.7310924369748,356.40833333333336,392.4583333333333,247.84166666666667,398.6
2013-08-27 03:20:00,101.43333333333334,446.9916666666667,452.60833333333335,448.1166666666667,412.5416666666667,271.71666666666664,308.65833333333336,358.4583333333333,470.4,469.2916666666667,331.14166666666665,461.10833333333335,458.10833333333335,185.525,363.7583333333333,431.0,491.4583333333333,318.45,328.90833333333336,502.8833333333333,406.65833333333336,411.9916666666667,317.90833333333336,428.6666666666667,351.1166666666667,479.45,311.5833333333333,366.575,402.2583333333333,388.5833333333333,380.175,367.725,346.23333333333335,348.46666666666664,428.44166666666666,483.14166666666665,397.2416666666667,380.9,393.76666666666665,368.3666666666667,464.55833333333334,398.8833333333333,499.2,428.925,434.34166666666664,342.98333333333335,391.53333333333336,244.61666666666667,397.2583333333333
2013-08-27 03:30:00,103.34166666666667,444.775,445.73333333333335,448.175,386.6890756302521,268.65833333333336,305.6166666666667,359.025,469.1666666666667,474.79831932773106,330.0416666666667,462.675,454.85833333333335,184.9,361.35,429.28333333333336,484.81666666666666,320.98333333333335,327.51666666666665,501.56302521008405,405.9916666666667,409.94166666666666,343.06722689075633,426.65833333333336,352.85,479.6386554621849,312.1166666666667,369.0840336134454,405.6333333333333,385.16806722689074,377.2083333333333,364.39166666666665,342.09166666666664,349.0833333333333,426.5798319327731,481.47058823529414,397.225,384.425,391.1166666666667,366.84166666666664,462.68333333333334,400.575,496.1333333333333,425.8833333333333,435.0416666666667,339.425,388.43697478991595,244.21666666666667,397.325
2013-08-27 03:40:00,103.13333333333334,443.3333333333333,443.30833333333334,450.28333333333336,363.45,266.425,307.8938053097345,359.31666666666666,468.925,472.28333333333336,336.2,463.3333333333333,456.15833333333336,184.21848739495798,357.90833333333336,432.12605042016804,480.725,322.45,328.218487394958,503.56666666666666,403.69166666666666,411.25,344.90833333333336,428.94166666666666,351.85714285714283,483.35833333333335,311.6666666666667,369.4,406.09166666666664,384.3,377.6666666666667,363.6302521008403,337.5083333333333,349.3333333333333,425.775,482.9583333333333,398.48333333333335,381.25210084033614,394.2268907563025,367.725,462.5083333333333,400.218487394958,499.325,425.3613445378151,436.15966386554624,336.65833333333336,389.3333333333333,245.68333333333334,396.9916666666667
2013-08-27 03:50:00,107.28333333333333,442.60833333333335,439.15,452.64166666666665,346.31666666666666,264.2083333333333,306.76666666666665,359.675,466.43333333333334,474.325,335.26666666666665,466.4916666666667,450.44166666666666,185.175,355.9916666666667,436.675,483.8,322.9,327.85,507.09166666666664,401.525,414.53333333333336,347.46666666666664,425.30833333333334,352.76666666666665,488.0083333333333,314.425,372.09166666666664,411.5,381.23333333333335,376.76666666666665,361.96666666666664,340.425,350.78333333333336,427.475,482.6666666666667,397.05833333333334,383.5833333333333,390.85833333333335,368.59166666666664,462.3833333333333,403.01666666666665,501.46666666666664,420.76666666666665,435.73333333333335,332.7583333333333,392.08264462809916,241.95,398.98333333333335
2013-08-27 04:00:00,107.2,444.975,439.775,451.275,335.218487394958,265.8666666666667,308.8,360.6166666666667,470.28333333333336,475.69747899159665,337.825,468.46666666666664,451.19166666666666,186.625,355.4583333333333,437.2583333333333,480.8666666666667,322.14166666666665,329.7,506.4957983193277,403.5083333333333,415.6,348.83193277310926,431.28333333333336,354.85833333333335,487.3109243697479,316.4,377.5042016806723,413.75,383.87394957983196,375.875,357.325,337.65,351.725,427.5966386554622,480.7142857142857,402.2583333333333,385.3,396.05833333333334,372.4583333333333,467.15833333333336,403.5083333333333,505.48333333333335,424.46666666666664,438.1666666666667,327.26666666666665,388.9075630252101,243.6,399.275
2013-08-27 04:10:00,110.00840336134453,443.3,437.325,455.96666666666664,330.98333333333335,267.56302521008405,313.375,361.6,476.26666666666665,476.4,338.19166666666666,470.1666666666667,452.55,186.59166666666667,356.65,438.7583333333333,475.25210084033614,325.69166666666666,330.78333333333336,510.3666666666667,402.71666666666664,415.725,350.0416666666667,432.5126050420168,353.8333333333333,487.9916666666667,315.3529411764706,378.125,416.55,380.075,375.59166666666664,360.4916666666667,336.59166666666664,354.025,432.3666666666667,481.81666666666666,404.575,386.6666666666667,398.40833333333336,374.51666666666665,466.55833333333334,402.8333333333333,500.71666666666664,425.6666666666667,439.225,327.51666666666665,392.7583333333333,245.81512605042016,408.725
2013-08-27 04:20:00,110.88333333333334,439.7416666666667,432.51666666666665,457.64166666666665,325.175,269.0083333333333,317.4873949579832,360.89166666666665,475.71666666666664,476.925,340.025,473.40833333333336,456.7416666666667,186.76470588235293,356.0833333333333,433.9579831932773,462.15833333333336,323.0833333333333,331.98319327731093,507.69166666666666,403.15833333333336,416.18333333333334,353.4583333333333,432.34166666666664,353.1932773109244,487.6166666666667,316.925,378.4166666666667,415.775,383.76666666666665,380.3666666666667,358.7310924369748,337.35,354.0833333333333,431.325,484.40833333333336,403.6666666666667,387.781512605042,394.4201680672269,370.2916666666667,467.625,401.7226890756302,504.68333333333334,424.3781512605042,441.6386554621849,330.9166666666667,392.70588235294116,246.96666666666667,405.55
2013-08-27 04:30:00,110.375,437.69166666666666,438.4166666666667,456.51666666666665,321.45,268.075,318.3833333333333,367.125,470.84166666666664,477.55833333333334,338.55,473.85,453.64166666666665,187.10833333333332,356.4166666666667,439.425,451.01666666666665,320.225,334.23333333333335,509.73333333333335,398.80833333333334,414.53333333333336,358.3,434.81666666666666,360.35,488.95,317.51666666666665,380.65833333333336,418.2916666666667,379.01666666666665,380.60833333333335,362.0833333333333,337.7,356.0833333333333,432.1333333333333,487.40833333333336,407.3666666666667,391.40833333333336,397.28333333333336,373.95,468.225,404.23333333333335,502.75,423.4,441.30833333333334,327.76666666666665,393.69166666666666,249.48333333333332,408.14166666666665
2013-08-27 04:40:00,116.64166666666667,435.98333333333335,434.025,457.9916666666667,326.0504201680672,271.475,317.94117647058823,365.2,476.7,479.6333333333333,340.43333333333334,470.60833333333335,452.175,188.7731092436975,355.075,442.16806722689074,443.7416666666667,321.6,334.6470588235294,507.0833333333333,401.1666666666667,420.4,361.94117647058823,435.43333333333334,357.8235294117647,492.68333333333334,319.3666666666667,385.6,418.68333333333334,382.39166666666665,380.14166666666665,359.8487394957983,338.7,357.0083333333333,435.35833333333335,489.4166666666667,411.15833333333336,389.6890756302521,398.2857142857143,376.9583333333333,471.81666666666666,405.2352941176471,506.89166666666665,424.25210084033614,443.3781512605042,327.80833333333334,399.7226890756302,248.675,410.45
2013-08-27 04:50:00,117.3,434.075,442.675,458.15,323.9075630252101,272.9,319.7083333333333,367.84166666666664,475.85833333333335,486.475,342.7,472.5833333333333,457.4916666666667,190.01680672268907,356.1666666666667,442.6470588235294,439.80833333333334,319.9583333333333,334.4873949579832,514.325,403.31666666666666,422.35833333333335,360.4201680672269,438.3,360.1344537815126,495.65,323.075,389.6166666666667,420.43333333333334,383.925,381.6333333333333,362.78991596638656,340.76666666666665,358.69166666666666,437.3666666666667,490.4916666666667,412.56666666666666,392.5042016806723,399.7563025210084,375.6333333333333,473.55,408.1764705882353,504.875,428.672268907563,442.65546218487395,326.775,401.0924369747899,251.21666666666667,414.18333333333334
2013-08-27 05:00:00,118.05833333333334,436.80833333333334,439.14166666666665,459.95,324.5,272.025,318.26666666666665,373.425,475.2916666666667,484.65,341.775,472.3833333333333,455.6166666666667,191.21666666666667,351.98333333333335,444.9583333333333,436.2583333333333,320.05,340.1666666666667,512.0583333333333,404.65,423.8333333333333,361.96666666666664,440.85833333333335,359.8666666666667,495.75,321.2416666666667,389.125,422.9,382.75,384.71666666666664,363.89166666666665,339.8,357.43333333333334,440.4,491.55,416.34166666666664,391.23333333333335,403.5083333333333,378.44166666666666,473.25,407.0083333333333,508.2916666666667,427.55833333333334,447.06666666666666,327.525,401.7,250.25833333333333,416.95
2013-08-27 05:10:00,117.775,436.55,437.65,459.8,320.625,272.2416666666667,318.7916666666667,370.1764705882353,480.5882352941176,481.47899159663865,343.05,472.89166666666665,460.28333333333336,191.49166666666667,355.0833333333333,439.60833333333335,433.225,323.7083333333333,335.9916666666667,510.2857142857143,403.475,423.09166666666664,356.475,442.1,362.875,491.02521008403363,318.0416666666667,389.0083333333333,422.3,383.7647058823529,385.1333333333333,364.3666666666667,340.05,359.30833333333334,438.1344537815126,492.05882352941177,411.53333333333336,393.425,402.73333333333335,379.075,472.5083333333333,412.59166666666664,508.425,428.69166666666666,446.7583333333333,327.675,402.7416666666667,251.10833333333332,413.65546218487395
2013-08-27 05:20:00,119.01666666666667,436.75,441.575,458.7083333333333,319.1666666666667,275.3333333333333,322.53333333333336,371.29411764705884,477.4873949579832,483.99159663865544,344.93333333333334,472.7916666666667,460.5,192.88333333333333,357.15833333333336,442.76666666666665,433.03333333333336,323.325,337.15,513.8235294117648,401.51666666666665,421.4,358.64166666666665,440.96666666666664,361.89166666666665,484.56302521008405,319.64166666666665,390.39166666666665,422.0083333333333,385.546218487395,387.225,361.5,338.55,360.425,438.1848739495798,493.93277310924367,412.2,394.8666666666667,405.31666666666666,379.3833333333333,469.95,410.40833333333336,506.68333333333334,429.9583333333333,446.2583333333333,328.5,403.2,250.30833333333334,414.6890756302521
2013-08-27 05:30:00,119.40336134453781,434.06666666666666,438.98333333333335,462.01666666666665,318.06666666666666,274.5378151260504,321.05882352941177,369.5416666666667,478.94166666666666,487.9166666666667,346.275,472.6333333333333,457.39166666666665,189.76666666666668,353.59166666666664,441.68333333333334,431.65833333333336,318.19166666666666,339.6666666666667,556.4666666666667,402.43333333333334,422.09166666666664,360.9916666666667,441.02521008403363,363.5083333333333,480.59166666666664,320.69747899159665,390.1166666666667,422.5,384.28333333333336,385.89166666666665,364.35,342.60833333333335,358.9583333333333,435.5,489.0,413.14166666666665,391.98319327731093,405.6166666666667,378.09166666666664,471.1,412.025,506.7083333333333,430.85,442.44166666666666,325.325,402.525,247.0924369747899,414.5083333333333
2013-08-27 05:40:00,122.85,434.675,437.2916666666667,458.775,319.4,276.84166666666664,317.0,369.59166666666664,479.325,485.5416666666667,345.525,472.23333333333335,457.25,191.725,357.35,442.6666666666667,433.5833333333333,316.525,339.7416666666667,561.2583333333333,402.51666666666665,420.475,356.53333333333336,441.9916666666667,360.65833333333336,478.48333333333335,315.7083333333333,393.2916666666667,420.7916666666667,384.7,384.05833333333334,365.05,339.14166666666665,360.2,434.69166666666666,490.7416666666667,413.48333333333335,391.64166666666665,403.73333333333335,379.51666666666665,470.69166666666666,410.55,505.0083333333333,428.05,441.95,328.2083333333333,405.48333333333335,246.85833333333332,413.2083333333333
2013-08-27 05:50:00,115.35833333333333,436.7,440.21666666666664,460.4583333333333,320.1764705882353,276.175,320.525,372.4201680672269,482.4033613445378,485.26050420168065,346.06666666666666,473.125,460.3,191.2,355.35,442.1666666666667,432.125,317.98333333333335,340.2583333333333,566.2857142857143,402.1,422.0083333333333,341.672268907563,441.2083333333333,360.6333333333333,479.109243697479,316.09166666666664,394.52100840336135,422.5416666666667,385.97478991596637,387.2,364.21666666666664,339.35833333333335,359.25,436.6806722689076,493.1848739495798,413.89166666666665,395.525,404.34166666666664,378.73333333333335,472.21666666666664,413.8833333333333,504.775,431.98333333333335,446.05,326.75,406.3666666666667,247.18333333333334,418.5966386554622
2013-08-27 06:00:00,111.90833333333333,437.23333333333335,438.8235294117647,459.52100840336135,319.78333333333336,278.64166666666665,317.89166666666665,370.35,484.46666666666664,488.875,346.4916666666667,473.69166666666666,459.78991596638656,193.125,354.575,441.01666666666665,430.76666666666665,316.7583333333333,338.4166666666667,565.1,399.96638655462186,422.59166666666664,333.3666666666667,440.6333333333333,360.5416666666667,472.925,318.98333333333335,396.175,421.2436974789916,384.75,384.3109243697479,364.15,341.7,359.8067226890756,436.75,493.0,412.475,396.76666666666665,401.76666666666665,375.7226890756302,471.625,412.69166666666666,504.15966386554624,426.96666666666664,444.56666666666666,328.39495798319325,406.10833333333335,247.54166666666666,414.075
2013-08-27 06:10:00,116.40833333333333,433.94166666666666,440.025,459.2,316.73333333333335,275.525,318.30833333333334,369.68333333333334,484.35,486.2583333333333,343.725,473.8333333333333,460.5,192.10833333333332,354.9583333333333,438.21666666666664,430.675,317.1166666666667,336.5083333333333,569.0916666666667,402.65833333333336,423.125,331.475,440.675,361.575,471.5083333333333,316.55833333333334,394.96666666666664,420.725,384.10833333333335,385.275,360.28333333333336,342.025,357.28333333333336,436.51666666666665,491.7,409.31666666666666,392.9166666666667,402.48333333333335,378.23333333333335,472.93333333333334,408.90833333333336,501.93333333333334,430.2583333333333,445.225,325.26666666666665,405.56666666666666,248.00833333333333,413.80833333333334
2013-08-27 06:20:00,115.775,433.65,440.44166666666666,458.78333333333336,318.3,275.8833333333333,320.85833333333335,366.8067226890756,487.73949579831935,486.38655462184875,344.23333333333335,471.75,450.68333333333334,192.94166666666666,355.475,438.0,427.5416666666667,315.225,334.875,570.0588235294117,397.825,419.3833333333333,325.15833333333336,441.84166666666664,358.93333333333334,465.109243697479,313.3833333333333,391.8333333333333,420.51666666666665,382.8235294117647,382.60833333333335,359.35,342.7083333333333,358.8333333333333,437.29411764705884,489.26050420168065,408.9916666666667,391.65833333333336,397.48333333333335,372.6666666666667,470.3833333333333,408.1333333333333,500.48333333333335,428.15833333333336,439.6333333333333,326.09166666666664,404.7,248.69166666666666,410.3613445378151
2013-08-27 06:30:00,112.68067226890756,433.31666666666666,439.225,458.625,313.3666666666667,275.83193277310926,314.8235294117647,365.9166666666667,484.51666666666665,481.31666666666666,344.84166666666664,468.8235294117647,454.73333333333335,189.95,353.3666666666667,436.325,428.8333333333333,311.0416666666667,332.7,567.6583333333333,400.275,416.325,322.5083333333333,437.47058823529414,355.35833333333335,466.125,313.3529411764706,393.65,415.325,381.275,383.98333333333335,356.475,337.075,359.9,433.21666666666664,488.39166666666665,408.18333333333334,391.2352941176471,394.15833333333336,372.93333333333334,469.0416666666667,407.15833333333336,498.2916666666667,425.8,439.6,325.51666666666665,405.7416666666667,243.9327731092437,410.675
2013-08-27 06:40:00,112.275,431.55,438.3666666666667,458.1166666666667,315.21666666666664,276.53333333333336,318.175,366.51666666666665,482.51666666666665,480.725,340.3833333333333,473.68333333333334,455.48333333333335,192.20833333333334,354.125,433.175,427.4916666666667,311.45,334.15833333333336,568.0083333333333,396.96666666666664,419.6666666666667,326.5833333333333,436.6166666666667,359.55,468.0420168067227,311.425,394.9916666666667,415.78333333333336,382.89166666666665,379.6166666666667,361.3833333333333,338.3666666666667,356.375,431.9166666666667,486.14166666666665,409.01666666666665,389.7083333333333,394.93333333333334,372.4916666666667,469.2,406.125,498.8666666666667,425.94166666666666,440.2916666666667,326.9,405.65,248.975,411.39166666666665
2013-08-27 06:50:00,112.525,431.1666666666667,439.73949579831935,458.43697478991595,315.9166666666667,276.06666666666666,319.34166666666664,368.35,483.15833333333336,482.06666666666666,340.3666666666667,475.6333333333333,455.8235294117647,190.825,354.125,436.6666666666667,425.425,313.1,336.625,573.8333333333334,400.14285714285717,418.25,326.18333333333334,437.23333333333335,367.4916666666667,467.325,310.8666666666667,396.14166666666665,418.57142857142856,380.5966386554622,384.8067226890756,359.0416666666667,339.1333333333333,359.60504201680675,435.175,485.9166666666667,407.1344537815126,392.94166666666666,395.84166666666664,375.1848739495798,470.75,408.23333333333335,499.47058823529414,426.8833333333333,441.71666666666664,325.9159663865546,404.93333333333334,247.70833333333334,412.90833333333336
2013-08-27 07:00:00,113.975,432.0083333333333,442.98319327731093,459.30833333333334,317.34166666666664,279.19166666666666,322.025,364.5042016806723,485.0420168067227,480.94117647058823,347.2916666666667,476.775,455.225,189.125,355.525,438.09166666666664,427.7583333333333,315.40833333333336,333.8666666666667,575.1428571428571,400.90833333333336,419.7,327.8833333333333,435.8333333333333,361.625,470.2436974789916,314.375,403.25,420.05,382.5966386554622,380.8333333333333,362.1,339.15,359.48333333333335,436.25210084033614,490.0924369747899,408.43333333333334,392.6666666666667,397.69166666666666,374.15833333333336,471.84166666666664,407.2,500.69166666666666,424.69166666666666,441.075,327.39166666666665,406.14166666666665,247.19166666666666,416.0504201680672
2013-08-27 07:10:00,115.28333333333333,434.375,439.34166666666664,458.109243697479,315.8833333333333,275.7416666666667,319.93333333333334,369.44166666666666,487.94166666666666,479.2,341.68333333333334,472.15833333333336,456.03361344537814,192.31666666666666,356.93333333333334,434.475,430.2083333333333,316.1166666666667,339.2916666666667,552.6916666666667,399.1512605042017,419.2916666666667,331.34166666666664,435.525,362.5,470.075,310.45,400.39166666666665,415.52100840336135,383.2416666666667,380.52941176470586,361.03333333333336,338.31666666666666,357.26050420168065,436.025,490.0416666666667,408.52941176470586,392.28333333333336,398.5,375.1880341880342,471.725,406.19166666666666,501.0,426.15,442.39166666666665,323.5126050420168,407.125,250.55833333333334,415.9
2013-08-27 07:20:00,104.00833333333334,435.6666666666667,437.2,458.7583333333333,317.975,277.95,320.59166666666664,369.0416666666667,484.275,482.39166666666665,342.56666666666666,473.21666666666664,453.64166666666665,192.4,356.55,435.9583333333333,427.15,316.80833333333334,335.64166666666665,526.7416666666667,398.6333333333333,418.575,330.60833333333335,437.7583333333333,364.3333333333333,464.3,309.85,397.0083333333333,418.18333333333334,382.81666666666666,381.525,360.8,337.425,356.73333333333335,434.675,491.44166666666666,408.875,391.93333333333334,397.2916666666667,372.0769230769231,468.73333333333335,406.125,499.9583333333333,425.9583333333333,437.89166666666665,323.68333333333334,406.55,248.95833333333334,413.2583333333333
2013-08-27 07:30:00,100.13333333333334,432.7,435.96638655462186,456.78991596638656,316.1666666666667,278.48333333333335,320.525,365.25,481.6166666666667,480.875,343.4583333333333,474.875,453.73949579831935,188.95,354.5416666666667,435.925,425.5833333333333,312.825,331.2583333333333,520.7916666666666,400.05882352941177,419.53333333333336,329.75,434.15,360.35,460.7083333333333,310.3,397.9,415.7563025210084,382.175,379.78991596638656,362.175,337.78333333333336,357.0840336134454,434.34166666666664,487.03333333333336,406.94117647058823,391.30833333333334,396.7083333333333,371.34453781512605,468.59166666666664,406.725,499.42857142857144,425.225,439.8,326.05882352941177,406.39166666666665,245.45,410.78333333333336
2013-08-27 07:40:00,101.44166666666666,432.025,437.44166666666666,457.3333333333333,319.6470588235294,273.2416666666667,313.55,363.35,482.3333333333333,481.43333333333334,339.19166666666666,469.29411764705884,453.25,190.0420168067227,354.6333333333333,434.1344537815126,421.8,310.96666666666664,331.327731092437,546.8416666666667,399.2916666666667,415.69166666666666,326.1344537815126,437.19166666666666,357.8487394957983,458.6,306.4,394.4201680672269,417.10833333333335,381.15833333333336,374.30833333333334,361.61344537815125,335.175,356.51666666666665,433.09166666666664,485.8655462184874,406.7583333333333,388.7583333333333,393.07563025210084,371.4916666666667,466.64166666666665,405.5126050420168,494.84166666666664,422.65546218487395,439.74789915966386,323.85833333333335,406.78991596638656,248.45833333333334,409.0
2013-08-27 07:50:00,94.425,430.6,432.8666666666667,454.2916666666667,312.525,271.9166666666667,312.48333333333335,361.10743801652893,484.65833333333336,479.4583333333333,339.2916666666667,466.1166666666667,452.30833333333334,184.71666666666667,354.425,435.525,423.875,310.0833333333333,330.4916666666667,560.0833333333334,395.55,417.475,324.39166666666665,431.90833333333336,357.2916666666667,458.6,305.06666666666666,392.64166666666665,413.4583333333333,381.53333333333336,382.1166666666667,357.4166666666667,333.56666666666666,352.975,430.05833333333334,482.825,405.2,389.73333333333335,393.43333333333334,368.8,468.925,403.9,493.05833333333334,419.55833333333334,437.125,325.44166666666666,403.59166666666664,244.925,410.1166666666667
2013-08-27 08:00:00,94.23529411764706,426.89166666666665,432.48333333333335,451.6166666666667,312.8333333333333,270.4916666666667,312.69747899159665,360.625,483.76666666666665,476.53333333333336,339.45,464.14166666666665,451.01666666666665,188.35833333333332,350.68333333333334,430.6666666666667,419.90833333333336,305.2,327.28333333333336,556.1833333333333,393.1166666666667,415.10833333333335,324.575,430.52100840336135,357.52100840336135,455.3801652892562,303.125,392.225,412.1333333333333,379.29411764705884,375.525,355.3333333333333,334.35833333333335,355.14166666666665,429.93333333333334,481.84166666666664,403.3833333333333,386.69747899159665,394.78991596638656,365.15,461.9,402.78333333333336,492.94166666666666,422.0,436.475,318.44166666666666,403.325,245.109243697479,406.64166666666665
2013-08-27 08:10:00,94.25833333333334,426.25,432.10833333333335,454.10084033613447,312.675,269.9916666666667,312.8333333333333,363.0416666666667,482.9166666666667,473.975,335.53333333333336,463.30833333333334,446.5966386554622,184.13333333333333,349.475,430.8833333333333,422.3333333333333,305.4,327.475,558.9833333333333,397.3193277310924,413.7647058823529,323.84166666666664,430.69166666666666,354.71666666666664,455.4583333333333,302.26666666666665,388.30833333333334,410.4201680672269,377.9904761904762,376.7647058823529,353.625,333.85833333333335,351.453781512605,426.84166666666664,481.725,400.20168067226894,387.5416666666667,393.80833333333334,367.07563025210084,462.3333333333333,401.21666666666664,490.0420168067227,420.3833333333333,432.10833333333335,319.38655462184875,401.8,245.43333333333334,404.94166666666666
2013-08-27 08:20:00,94.66666666666667,425.26666666666665,433.025,450.425,309.30252100840335,268.825,310.93333333333334,359.78991596638656,476.30833333333334,473.68333333333334,337.225,463.225,447.3666666666667,186.11764705882354,346.7416666666667,429.78991596638656,416.5833333333333,306.81666666666666,324.79831932773106,552.7142857142857,394.0083333333333,415.15833333333336,321.4117647058824,431.3833333333333,354.175,450.15833333333336,299.15,387.30252100840335,407.225,373.97872340425533,375.4583333333333,352.85714285714283,332.98333333333335,351.26666666666665,424.5833333333333,479.06666666666666,399.34166666666664,381.8833333333333,389.3833333333333,362.275,460.9583333333333,397.1764705882353,491.05,417.03361344537814,432.3697478991597,317.325,400.4873949579832,241.225,402.01666666666665
2013-08-27 08:30:00,88.60833333333333,424.5416666666667,433.3333333333333,450.89166666666665,311.26666666666665,268.425,307.3,357.075,473.65,472.1,331.975,461.42857142857144,446.775,182.71666666666667,348.03333333333336,432.28333333333336,416.2916666666667,304.46666666666664,321.09166666666664,510.85,392.7416666666667,413.93333333333334,321.1333333333333,427.6166666666667,354.3833333333333,451.5416666666667,296.28333333333336,386.15,406.8,375.4051724137931,370.48333333333335,350.90833333333336,330.65833333333336,349.3333333333333,422.325,479.07438016528926,394.9166666666667,382.46666666666664,388.05,362.09166666666664,458.575,397.68333333333334,483.05,416.03333333333336,431.5416666666667,318.96666666666664,396.675,240.025,401.05833333333334
2013-08-27 08:40:00,88.85,422.23333333333335,431.26666666666665,447.75,310.26050420168065,267.05,306.0416666666667,355.97478991596637,474.6,470.46666666666664,331.30833333333334,461.68333333333334,445.6166666666667,180.72268907563026,345.4166666666667,430.00840336134456,414.23333333333335,305.59166666666664,322.890756302521,497.92436974789916,391.48333333333335,412.5083333333333,318.43697478991595,425.65,357.7916666666667,451.0416666666667,299.3666666666667,386.2352941176471,406.275,373.7310924369748,374.73333333333335,349.6302521008403,329.26666666666665,350.7583333333333,423.05,478.84166666666664,394.925,378.6666666666667,384.89915966386553,362.3666666666667,458.9166666666667,393.11764705882354,484.8,416.92436974789916,428.3613445378151,317.325,395.6218487394958,238.96666666666667,401.3333333333333
2013-08-27 08:50:00,88.21008403361344,420.05,427.05,447.05833333333334,308.1,265.15,301.52941176470586,353.225,470.8666666666667,468.8,328.89166666666665,460.3,445.8666666666667,183.26666666666668,345.30833333333334,430.8333333333333,414.8833333333333,303.575,320.525,494.85,389.45,412.7916666666667,318.06666666666666,426.8067226890756,355.6302521008403,450.85833333333335,297.2083333333333,384.425,407.5833333333333,372.29411764705884,369.78333333333336,349.69166666666666,327.8666666666667,346.075,421.1666666666667,475.6333333333333,394.6166666666667,380.546218487395,386.79831932773106,357.925,457.1,392.7,486.125,415.23333333333335,427.6,313.175,393.3697478991597,238.60504201680672,401.025
2013-08-27 09:00:00,90.20833333333333,421.44166666666666,427.2,444.982905982906,307.925,266.4583333333333,304.34166666666664,356.4583333333333,468.9916666666667,471.06666666666666,328.30833333333334,457.55,442.23333333333335,180.41666666666666,344.625,427.21666666666664,414.14166666666665,302.0833333333333,320.90833333333336,489.675,389.7916666666667,410.05833333333334,318.5416666666667,425.625,352.9916666666667,452.75,296.34166666666664,383.56666666666666,405.3833333333333,372.99159663865544,366.45,349.8666666666667,328.3193277310924,346.69166666666666,423.09166666666664,474.28333333333336,394.875,381.225,387.2583333333333,359.90833333333336,456.375,392.775,483.875,413.64166666666665,428.46666666666664,314.28333333333336,391.55,234.125,397.78333333333336
2013-08-27 09:10:00,90.38333333333334,422.56666666666666,425.68333333333334,443.7105263157895,305.453781512605,264.65833333333336,303.39166666666665,351.5798319327731,464.6,469.65,328.25,452.9,444.23333333333335,180.6638655462185,342.96666666666664,427.88235294117646,407.675,302.35,317.56302521008405,486.5126050420168,386.71666666666664,410.425,318.3781512605042,423.89166666666665,355.30833333333334,452.6218487394958,291.4166666666667,383.07563025210084,404.71666666666664,370.14166666666665,369.2,350.57142857142856,326.35833333333335,348.09166666666664,422.3333333333333,475.875,393.84166666666664,380.80833333333334,381.55,359.81666666666666,457.2916666666667,391.29411764705884,484.45,414.218487394958,427.4201680672269,312.225,389.48333333333335,235.65833333333333,399.80833333333334
2013-08-27 09:20:00,93.00840336134453,420.7731092436975,424.99159663865544,443.0940170940171,305.60833333333335,266.2689075630252,300.6302521008403,353.6333333333333,467.29411764705884,467.8655462184874,323.6806722689076,458.9237288135593,442.327731092437,182.55833333333334,341.11764705882354,431.56666666666666,410.5126050420168,302.890756302521,317.10833333333335,486.89166666666665,386.5966386554622,409.78991596638656,316.1666666666667,424.89166666666665,355.875,451.89166666666665,294.65546218487395,383.2083333333333,405.1764705882353,371.81666666666666,369.781512605042,348.0416666666667,324.84033613445376,347.546218487395,419.5966386554622,475.0416666666667,394.327731092437,380.8333333333333,384.53333333333336,361.39495798319325,457.6218487394958,392.45,483.8151260504202,415.8,428.825,309.4033613445378,390.025,240.52941176470588,399.9159663865546
2013-08-27 09:30:00,89.52941176470588,421.4117647058824,425.3,441.81666666666666,305.7916666666667,267.6386554621849,301.34453781512605,352.4166666666667,465.4,464.9583333333333,325.5882352941176,456.55833333333334,443.76666666666665,180.03333333333333,344.1,425.1764705882353,408.96638655462186,302.79831932773106,319.90833333333336,487.53333333333336,387.85,408.55833333333334,320.03333333333336,420.9159663865546,356.7563025210084,450.06666666666666,294.890756302521,384.6,403.0833333333333,365.68333333333334,369.44166666666666,350.52100840336135,324.20168067226894,346.9166666666667,418.925,474.4,397.2583333333333,379.3109243697479,384.5882352941176,357.7943925233645,454.69747899159665,392.15,480.7083333333333,412.25210084033614,427.59166666666664,315.2583333333333,387.2416666666667,237.6638655462185,401.39166666666665
2013-08-27 09:40:00,89.6,420.23333333333335,425.7916666666667,439.775,302.81666666666666,264.4166666666667,303.48333333333335,353.125,462.53333333333336,466.65,325.39166666666665,457.56666666666666,440.1666666666667,179.40833333333333,342.30833333333334,428.6666666666667,409.18333333333334,297.73333333333335,318.0416666666667,487.2,385.34166666666664,406.65,321.39166666666665,422.6333333333333,351.09166666666664,450.675,292.94166666666666,385.78333333333336,404.9916666666667,367.4,371.425,347.3,320.85,344.69166666666666,420.8833333333333,473.7241379310345,394.3333333333333,378.8333333333333,379.85833333333335,358.3833333333333,457.01666666666665,390.10833333333335,480.5083333333333,412.575,429.375,308.81666666666666,387.225,236.01666666666668,399.375
2013-08-27 09:50:00,89.4,418.98333333333335,421.218487394958,438.18333333333334,304.4117647058824,266.4166666666667,301.3666666666667,353.56302521008405,460.97478991596637,467.0924369747899,327.73333333333335,459.2773109243698,439.90833333333336,178.3109243697479,340.5,426.075,408.575,298.65833333333336,318.2436974789916,484.2773109243698,386.48333333333335,410.25,319.0840336134454,419.275,351.9166666666667,453.6302521008403,292.60833333333335,380.96638655462186,402.425,368.99159663865544,365.05833333333334,348.99159663865544,321.93333333333334,345.8,421.97478991596637,472.578431372549,386.3333333333333,382.35833333333335,382.94166666666666,356.14285714285717,454.46666666666664,387.6806722689076,478.05833333333334,411.47899159663865,428.5042016806723,309.75,388.7083333333333,235.73333333333332,394.3781512605042
2013-08-27 10:00:00,94.61666666666666,419.8666666666667,424.3,438.025,303.5126050420168,264.0833333333333,303.975,352.39495798319325,466.275,464.76666666666665,327.5416666666667,454.40833333333336,439.84166666666664,179.38655462184875,339.60833333333335,424.56302521008405,408.78333333333336,301.925,317.5126050420168,486.7142857142857,383.7,409.7083333333333,317.8067226890756,419.2436974789916,353.6386554621849,448.327731092437,292.14166666666665,381.5546218487395,401.35,369.2689075630252,368.8333333333333,346.7310924369748,321.5,345.6666666666667,418.9,472.98130841121497,388.9583333333333,378.1764705882353,380.6302521008403,356.0,456.80833333333334,390.5042016806723,480.4583333333333,409.6890756302521,428.5798319327731,315.525,385.3193277310924,236.075,396.6
2013-08-27 10:10:00,92.85,419.26666666666665,424.2916666666667,437.68333333333334,302.85,265.4916666666667,301.96666666666664,350.51666666666665,463.4916666666667,462.6,326.4916666666667,456.51666666666665,438.71666666666664,179.09166666666667,340.8333333333333,425.0416666666667,408.71666666666664,297.60833333333335,316.575,486.4916666666667,385.43333333333334,407.6166666666667,314.0416666666667,420.5083333333333,358.275,449.19166666666666,291.51666666666665,382.06666666666666,401.40833333333336,368.675,364.425,345.2416666666667,323.96666666666664,343.575,418.3333333333333,471.43636363636364,389.31666666666666,380.7416666666667,378.03333333333336,358.01666666666665,456.225,391.4916666666667,481.4166666666667,411.7583333333333,423.89166666666665,307.6333333333333,385.80833333333334,236.85833333333332,397.14166666666665
2013-08-27 10:20:00,88.21008403361344,417.21666666666664,421.48333333333335,436.84166666666664,302.51666666666665,264.69747899159665,301.5966386554622,351.7,461.40833333333336,462.65,324.2436974789916,454.1,438.5,178.14166666666668,340.3833333333333,424.89915966386553,405.00840336134456,299.06722689075633,317.7142857142857,485.325,384.30833333333334,406.2416666666667,315.78333333333336,420.2268907563025,352.8151260504202,447.44166666666666,290.5798319327731,381.5,401.7916666666667,368.725,366.14166666666665,345.7142857142857,323.4201680672269,342.48333333333335,418.375,473.64406779661016,387.275,379.327731092437,380.70588235294116,357.51666666666665,457.8487394957983,390.8833333333333,479.25,406.29411764705884,424.69747899159665,307.15833333333336,385.2689075630252,237.23529411764707,399.44166666666666
2013-08-27 10:30:00,90.74789915966386,419.21008403361344,417.85,437.29411764705884,302.30833333333334,264.7142857142857,307.4873949579832,354.06666666666666,464.1,462.94166666666666,325.6302521008403,451.8235294117647,439.425,178.18333333333334,340.47058823529414,424.6333333333333,409.52941176470586,299.99159663865544,316.9166666666667,482.90833333333336,384.1932773109244,405.1512605042017,314.93333333333334,419.26666666666665,353.59166666666664,450.3833333333333,291.8067226890756,384.73333333333335,401.775,366.84166666666664,364.4957983193277,345.275,320.8235294117647,344.3781512605042,418.69166666666666,472.06666666666666,390.0,379.075,379.8,356.275,456.38655462184875,389.45,476.89166666666665,411.7916666666667,424.9916666666667,309.5798319327731,382.675,239.52941176470588,396.44166666666666
2013-08-27 10:40:00,90.79166666666667,415.60833333333335,418.8,438.59166666666664,302.3666666666667,264.55833333333334,304.18333333333334,352.05833333333334,462.125,464.475,321.9,454.64166666666665,439.0,178.85833333333332,340.8,423.75,404.7083333333333,298.825,314.59166666666664,485.45,384.6333333333333,404.45,318.30833333333334,419.4583333333333,354.25,448.0416666666667,291.34166666666664,382.95,400.3833333333333,366.3666666666667,364.68333333333334,344.375,322.09166666666664,343.57943925233644,418.1166666666667,472.7,388.56666666666666,378.0833333333333,378.56666666666666,356.75,454.0,390.425,477.69166666666666,408.98333333333335,424.4,306.1666666666667,382.7083333333333,235.95,398.05
2013-08-27 10:50:00,92.6,417.55,424.2689075630252,436.28333333333336,303.3193277310924,264.875,306.2583333333333,351.0,462.8067226890756,462.4957983193277,323.1333333333333,452.56666666666666,438.47058823529414,180.73949579831933,339.76666666666665,420.55833333333334,402.575,299.3666666666667,313.9166666666667,485.99159663865544,383.26666666666665,401.4583333333333,317.79831932773106,417.48333333333335,350.90833333333336,444.7731092436975,290.5,384.4453781512605,401.6666666666667,365.7647058823529,362.26666666666665,345.71666666666664,320.725,346.14018691588785,419.1932773109244,472.16806722689074,389.96666666666664,376.55833333333334,376.98333333333335,357.42857142857144,454.51666666666665,389.3109243697479,478.69166666666666,409.5083333333333,422.2083333333333,303.825,382.925,237.14166666666668,400.4033613445378
2013-08-27 11:00:00,93.13333333333334,419.05833333333334,421.80833333333334,436.0833333333333,304.725,263.3666666666667,306.8333333333333,351.4166666666667,461.2268907563025,463.0420168067227,321.0083333333333,452.6,440.35,177.71428571428572,340.95,419.925,407.6666666666667,298.1666666666667,316.73333333333335,486.3781512605042,384.8833333333333,401.0083333333333,314.25210084033614,418.65833333333336,352.55,448.4201680672269,291.69166666666666,382.1932773109244,401.453781512605,367.20168067226894,365.7583333333333,344.71666666666664,320.6333333333333,342.21666666666664,416.7731092436975,468.96638655462186,389.0833333333333,377.60833333333335,380.2916666666667,357.02521008403363,455.425,389.26666666666665,476.06722689075633,410.3833333333333,422.98333333333335,308.925,383.53333333333336,241.39166666666668,398.84033613445376
2013-08-27 11:10:00,91.875,414.14166666666665,418.25,432.45,303.10833333333335,264.55,307.7,350.79831932773106,461.8429752066116,462.1666666666667,323.96666666666664,453.34166666666664,440.34166666666664,180.125,340.40833333333336,424.5416666666667,408.51666666666665,298.60833333333335,315.9,483.925,384.60833333333335,400.7083333333333,316.69166666666666,419.1333333333333,355.23333333333335,450.325,291.6333333333333,385.3333333333333,399.5833333333333,367.6333333333333,363.75,344.925,323.8333333333333,342.375,418.0083333333333,471.0,389.55833333333334,381.2416666666667,380.28333333333336,356.925,454.89166666666665,388.7083333333333,479.75,408.875,424.6,306.7416666666667,383.65833333333336,241.41666666666666,398.6333333333333
2013-08-27 11:20:00,92.2,415.3,421.2689075630252,436.15833333333336,304.6333333333333,265.1,306.0416666666667,353.1666666666667,461.5126050420168,461.47058823529414,323.60833333333335,454.53333333333336,438.8151260504202,178.61344537815125,340.09166666666664,425.68333333333334,408.44166666666666,297.34166666666664,319.4166666666667,483.0924369747899,380.80833333333334,403.225,316.43697478991595,418.1333333333333,354.1666666666667,451.06722689075633,291.55,386.52941176470586,401.39495798319325,368.1512605042017,368.025,342.475,323.21666666666664,344.4,418.4873949579832,471.38655462184875,391.01666666666665,380.7083333333333,380.03333333333336,356.89915966386553,456.775,390.43697478991595,480.2689075630252,408.4,424.55,305.45,384.40833333333336,241.70833333333334,402.42857142857144
2013-08-27 11:30:00,96.28571428571429,419.43333333333334,425.19166666666666,436.5416666666667,302.83193277310926,265.0924369747899,308.10084033613447,354.73949579831935,460.4583333333333,463.71666666666664,323.99159663865544,457.4621848739496,440.1,178.55,339.76666666666665,424.2268907563025,407.3613445378151,297.6386554621849,320.47899159663865,481.10833333333335,381.56666666666666,402.1666666666667,318.18333333333334,418.70588235294116,356.56302521008405,447.4166666666667,290.9579831932773,385.3833333333333,405.46666666666664,370.25,364.90833333333336,347.15966386554624,320.8487394957983,343.2773109243698,420.425,469.23333333333335,388.46666666666664,383.2857142857143,384.33613445378154,359.65833333333336,455.1333333333333,389.53333333333336,479.51666666666665,410.5126050420168,425.06722689075633,308.15833333333336,383.26050420168065,240.60504201680672,401.4166666666667
2013-08-27 11:40:00,91.63865546218487,415.99159663865544,420.2416666666667,434.8151260504202,303.60833333333335,268.38655462184875,307.34453781512605,353.45,459.7416666666667,466.3666666666667,325.94117647058823,455.4201680672269,440.40833333333336,179.19166666666666,340.9495798319328,424.325,409.1344537815126,296.781512605042,319.55,483.18333333333334,385.02521008403363,399.7142857142857,315.0833333333333,420.21666666666664,352.875,449.71666666666664,291.7731092436975,386.5833333333333,402.64166666666665,367.8666666666667,367.0924369747899,346.71666666666664,320.10084033613447,341.2773109243698,420.825,469.76666666666665,392.1848739495798,381.0416666666667,381.8666666666667,359.96666666666664,457.42857142857144,389.73333333333335,481.85714285714283,409.2,424.69166666666666,304.66386554621846,385.575,237.8655462184874,400.09166666666664
2013-08-27 11:50:00,95.78333333333333,419.80833333333334,424.8666666666667,436.68333333333334,306.775,268.84166666666664,310.96666666666664,355.1,458.7416666666667,464.1333333333333,325.3666666666667,456.40833333333336,440.53333333333336,179.30833333333334,340.55833333333334,425.9,406.56666666666666,298.7083333333333,321.2916666666667,486.0083333333333,385.825,401.93333333333334,314.51666666666665,419.2916666666667,355.90833333333336,449.3333333333333,290.26666666666665,385.2583333333333,402.48333333333335,366.6666666666667,368.3833333333333,348.0083333333333,318.81666666666666,343.2583333333333,419.75,471.8,389.0833333333333,382.35,381.48333333333335,358.5083333333333,458.5083333333333,389.5416666666667,480.71666666666664,410.68333333333334,424.18333333333334,310.34166666666664,384.625,237.73333333333332,403.7416666666667
2013-08-27 12:00:00,97.44166666666666,416.4957983193277,421.7563025210084,438.7226890756302,308.01666666666665,268.18333333333334,310.9916666666667,353.475,462.95,462.3529411764706,327.875,456.48333333333335,443.34453781512605,177.05833333333334,342.7731092436975,424.05,407.825,295.65,321.8833333333333,488.3697478991597,384.5966386554622,402.25210084033614,315.675,420.9916666666667,356.525,449.48333333333335,289.60833333333335,387.25,401.5798319327731,369.5,370.61344537815125,345.2083333333333,322.275,341.02521008403363,422.8151260504202,471.725,390.79831932773106,381.18333333333334,381.96666666666664,357.74789915966386,458.21008403361344,392.46666666666664,481.42857142857144,411.0083333333333,427.05833333333334,309.03361344537814,386.40833333333336,240.29166666666666,400.890756302521
2013-08-27 12:10:00,93.99166666666666,417.8333333333333,421.2436974789916,435.6302521008403,307.05357142857144,268.71666666666664,312.94166666666666,355.7083333333333,462.546218487395,463.57142857142856,328.775,446.0833333333333,442.5378151260504,178.47899159663865,340.84166666666664,421.84166666666664,409.1333333333333,298.0416666666667,322.55,484.93277310924367,384.9166666666667,399.35833333333335,318.0420168067227,421.525,355.075,454.29411764705884,288.59166666666664,387.3613445378151,402.0420168067227,370.5378151260504,365.325,344.55,319.15833333333336,341.9,419.52100840336135,472.15966386554624,390.0416666666667,379.80833333333334,380.9,357.29411764705884,461.175,387.1512605042017,486.6218487394958,409.94166666666666,430.425,310.73333333333335,386.7083333333333,239.925,400.4201680672269
2013-08-27 12:20:00,96.04201680672269,415.57142857142856,419.8333333333333,437.98319327731093,304.2173913043478,268.3781512605042,312.05882352941177,355.60833333333335,463.31666666666666,464.09166666666664,324.453781512605,450.3529411764706,439.19166666666666,179.05,342.73949579831935,425.39166666666665,409.30252100840335,293.66386554621846,318.81666666666666,483.7416666666667,386.1848739495798,402.84033613445376,314.68333333333334,421.09166666666664,352.45,461.06666666666666,287.2436974789916,389.2083333333333,403.375,368.84166666666664,368.4621848739496,345.65,321.2689075630252,340.4621848739496,419.4916666666667,467.975,389.52941176470586,382.9166666666667,382.69166666666666,359.30833333333334,457.07563025210084,390.3,483.5,409.9916666666667,428.3,309.6302521008403,386.85,244.71428571428572,395.39166666666665
2013-08-27 12:30:00,93.51666666666667,416.25,424.89166666666665,436.95,307.5416666666667,266.01666666666665,305.64166666666665,357.075,463.65833333333336,464.5083333333333,326.23333333333335,452.09166666666664,440.0416666666667,180.96666666666667,342.80833333333334,422.9,407.425,294.675,321.325,484.8333333333333,387.4,402.95,315.95,424.93333333333334,352.14166666666665,467.71666666666664,289.0083333333333,384.65833333333336,402.475,368.05833333333334,369.525,347.15,320.53333333333336,340.40833333333336,422.03333333333336,468.71666666666664,390.90833333333336,383.64166666666665,381.95,359.06666666666666,455.90833333333336,391.46666666666664,487.39166666666665,411.3666666666667,430.0083333333333,310.1,388.60833333333335,241.76666666666668,394.18333333333334
2013-08-27 12:40:00,97.475,413.73949579831935,423.39495798319325,435.43697478991595,307.825,264.725,306.9916666666667,355.89166666666665,469.05,464.8487394957983,320.85,452.73333333333335,445.25210084033614,180.10833333333332,341.7226890756302,423.9,408.09166666666664,296.6,319.275,484.0083333333333,385.30252100840335,402.20168067226894,314.43333333333334,424.6166666666667,354.0,467.78333333333336,289.2083333333333,387.06666666666666,405.2352941176471,367.05,370.84033613445376,343.30833333333334,319.327731092437,343.6386554621849,418.9075630252101,467.4,389.56302521008405,381.93333333333334,381.65,358.10084033613447,457.1764705882353,390.93333333333334,488.15966386554624,412.05,430.325,310.38655462184875,387.975,241.85833333333332,392.2436974789916
2013-08-27 12:50:00,95.69166666666666,415.975,427.6218487394958,435.109243697479,308.6333333333333,267.75,301.6666666666667,354.9166666666667,470.25210084033614,463.01680672268907,326.975,456.825,442.99159663865544,180.18487394957984,342.6,422.94166666666666,406.4,295.55,320.6333333333333,488.4033613445378,383.35,406.01666666666665,318.52941176470586,423.98333333333335,356.0083333333333,466.0420168067227,288.025,388.42857142857144,405.52941176470586,367.7731092436975,364.85833333333335,346.48333333333335,319.9583333333333,341.73333333333335,422.2857142857143,472.93277310924367,389.8067226890756,382.6666666666667,383.6333333333333,361.327731092437,456.1333333333333,392.70588235294116,490.52100840336135,411.225,431.85833333333335,310.65546218487395,385.525,243.69166666666666,391.5798319327731
2013-08-27 13:00:00,94.55,418.09166666666664,433.78991596638656,437.8487394957983,308.25,286.9583333333333,302.85833333333335,355.475,472.00840336134456,461.8151260504202,325.80833333333334,456.4916666666667,446.10084033613447,180.58823529411765,342.78333333333336,425.65833333333336,408.18333333333334,298.175,319.4166666666667,486.109243697479,387.44166666666666,405.9166666666667,317.5882352941176,426.5083333333333,357.23333333333335,477.8487394957983,288.85,391.52100840336135,404.672268907563,369.52941176470586,372.35833333333335,344.98333333333335,322.875,342.59166666666664,426.33613445378154,473.0924369747899,393.73949579831935,383.7416666666667,384.725,362.2857142857143,456.4583333333333,392.12605042016804,489.88235294117646,413.625,436.15833333333336,312.10084033613447,388.8333333333333,251.8,392.74789915966386
2013-08-27 13:10:00,97.93333333333334,416.375,430.1666666666667,438.78333333333336,309.64166666666665,288.85,294.5083333333333,359.675,468.94166666666666,465.81666666666666,326.53333333333336,459.9166666666667,445.15833333333336,181.70833333333334,344.6666666666667,426.3,412.5083333333333,300.73333333333335,323.0083333333333,492.43333333333334,385.7583333333333,406.425,318.98333333333335,427.8333333333333,357.225,480.8,291.0416666666667,390.0083333333333,405.4583333333333,367.06666666666666,367.4166666666667,347.65833333333336,323.30833333333334,343.10833333333335,430.425,471.69166666666666,392.51666666666665,383.96666666666664,382.21666666666664,366.73333333333335,455.4916666666667,393.375,491.825,411.73333333333335,437.5083333333333,314.35,387.93333333333334,248.78333333333333,391.825
2013-08-27 13:20:00,99.77310924369748,416.75,431.87394957983196,438.3193277310924,308.7916666666667,287.88235294117646,295.94117647058823,360.21008403361344,471.9916666666667,467.781512605042,328.15966386554624,460.8067226890756,445.92436974789916,179.50420168067228,342.4957983193277,426.1764705882353,410.975,303.38655462184875,320.2857142857143,490.1166666666667,385.8151260504202,405.43697478991595,320.2689075630252,427.74789915966386,357.3613445378151,477.825,290.3193277310924,390.98333333333335,405.10084033613447,370.35,372.5546218487395,349.05,322.1764705882353,344.2689075630252,427.3781512605042,472.51666666666665,393.46666666666664,385.61344537815125,388.12605042016804,361.7226890756302,456.9495798319328,396.53333333333336,494.34453781512605,416.7583333333333,437.12605042016804,312.2773109243698,388.78991596638656,249.0924369747899,391.42857142857144
2013-08-27 13:30:00,97.66386554621849,415.7142857142857,430.625,437.1333333333333,310.64166666666665,286.42857142857144,295.84033613445376,357.85,468.525,466.9166666666667,330.0504201680672,462.1666666666667,444.26666666666665,182.525,344.29411764705884,427.23333333333335,409.4117647058824,298.61344537815125,322.5083333333333,488.225,386.42857142857144,410.12605042016804,315.46666666666664,426.2416666666667,354.44166666666666,478.60833333333335,291.9495798319328,391.625,406.3,371.8,367.1932773109244,348.8333333333333,323.8151260504202,344.7310924369748,422.2083333333333,475.60833333333335,393.6333333333333,385.225,383.425,362.4,456.3781512605042,395.2083333333333,494.275,414.8666666666667,438.81666666666666,310.43697478991595,389.79831932773106,251.3613445378151,392.06666666666666
2013-08-27 13:40:00,98.4,417.1666666666667,427.85714285714283,435.9579831932773,310.275,283.68333333333334,292.7916666666667,357.5416666666667,467.6218487394958,468.03361344537814,330.94166666666666,459.33613445378154,444.7647058823529,181.16806722689077,342.075,428.8833333333333,408.8833333333333,301.56666666666666,321.15833333333336,491.2436974789916,387.0833333333333,409.65833333333336,317.84033613445376,426.1166666666667,357.31666666666666,480.26050420168065,291.625,389.781512605042,405.5042016806723,369.7310924369748,370.8666666666667,345.60833333333335,324.525,345.6,421.781512605042,473.99159663865544,391.672268907563,385.93333333333334,383.7416666666667,361.7731092436975,460.53333333333336,395.1344537815126,497.6302521008403,414.4166666666667,439.43333333333334,312.890756302521,389.7,247.75,391.39495798319325
2013-08-27 13:50:00,98.175,419.96666666666664,427.025,437.6,309.53333333333336,279.3833333333333,290.2083333333333,355.56666666666666,465.8833333333333,469.175,330.10833333333335,463.48333333333335,443.7416666666667,180.96666666666667,345.175,427.34166666666664,412.1166666666667,300.31666666666666,323.69166666666666,490.275,389.25,409.44166666666666,318.93333333333334,425.21666666666664,359.0083333333333,481.64166666666665,294.2583333333333,390.85833333333335,405.35,370.75,369.0,349.59166666666664,325.43333333333334,347.4166666666667,419.8,472.53333333333336,392.625,382.55833333333334,385.9916666666667,362.125,459.775,393.65833333333336,498.25,415.25,436.6333333333333,313.7,390.28333333333336,247.45,387.35
2013-08-27 14:00:00,95.01680672268908,420.4873949579832,428.3697478991597,438.98319327731093,310.4916666666667,279.8235294117647,290.4873949579832,359.83193277310926,466.64166666666665,468.7563025210084,330.3529411764706,460.775,448.4201680672269,182.04166666666666,345.9159663865546,430.10833333333335,411.66386554621846,301.1764705882353,321.03333333333336,492.05833333333334,389.26050420168065,410.88235294117646,319.23333333333335,426.48333333333335,359.8666666666667,482.2,292.5798319327731,389.84166666666664,407.1848739495798,371.31666666666666,372.94117647058823,348.26666666666665,324.26050420168065,345.61344537815125,424.0420168067227,475.01666666666665,393.16806722689074,383.84033613445376,387.76666666666665,362.0924369747899,459.6302521008403,396.9,497.10084033613447,416.48333333333335,436.81666666666666,314.7142857142857,392.8151260504202,247.34453781512605,391.47058823529414
2013-08-27 14:10:00,94.66666666666667,424.875,429.0420168067227,437.0833333333333,312.6333333333333,275.6666666666667,295.55,368.9,467.7647058823529,471.6333333333333,329.0420168067227,460.52100840336135,446.825,182.69166666666666,345.7416666666667,431.69166666666666,412.94166666666666,303.65,323.3333333333333,497.672268907563,389.81666666666666,414.95,322.5083333333333,429.775,362.15,486.875,295.55833333333334,392.52941176470586,411.9916666666667,371.94117647058823,372.76666666666665,349.1592920353982,326.875,345.4916666666667,423.10833333333335,475.25210084033614,398.1333333333333,387.28333333333336,393.95,364.66386554621846,461.21666666666664,397.7226890756302,499.75,414.64166666666665,437.44166666666666,314.2,392.175,244.31932773109244,390.6386554621849
2013-08-27 14:20:00,98.875,423.2916666666667,430.9495798319328,439.56302521008405,314.4166666666667,273.4166666666667,296.35833333333335,428.2583333333333,469.8235294117647,469.64406779661016,335.06666666666666,463.8655462184874,451.43697478991595,183.275,345.925,432.5083333333333,413.7583333333333,304.53333333333336,329.0083333333333,498.02521008403363,390.23333333333335,414.3193277310924,321.90833333333336,431.68333333333334,360.225,485.90833333333336,299.575,393.6806722689076,410.7731092436975,372.1344537815126,374.98333333333335,352.42,327.09166666666664,344.73333333333335,425.1512605042017,478.21008403361344,398.327731092437,386.93333333333334,399.825,365.30252100840335,462.98333333333335,398.10084033613447,497.73949579831935,417.5416666666667,436.60833333333335,315.6890756302521,393.025,248.36666666666667,388.94117647058823
2013-08-27 14:30:00,98.0,425.325,430.65833333333336,438.80833333333334,313.775,279.725,298.80833333333334,394.89166666666665,472.34166666666664,472.0082644628099,335.28333333333336,464.3333333333333,449.21666666666664,184.725,345.44166666666666,433.375,412.59166666666664,306.30833333333334,324.30833333333334,495.19166666666666,393.3333333333333,417.43333333333334,321.825,432.78333333333336,360.8666666666667,484.775,297.15833333333336,389.85833333333335,411.85833333333335,373.39166666666665,376.575,350.4375,327.44166666666666,348.46666666666664,424.23333333333335,479.425,399.525,388.7583333333333,399.09166666666664,366.1666666666667,459.95,399.8666666666667,499.98333333333335,420.0,438.48333333333335,314.6166666666667,390.44166666666666,279.925,393.9166666666667
2013-08-27 14:40:00,100.34166666666667,425.4583333333333,428.6218487394958,440.00840336134456,313.94166666666666,276.4583333333333,298.625,375.025,473.4873949579832,473.33613445378154,334.73333333333335,463.25210084033614,447.78991596638656,184.0,346.89166666666665,430.3666666666667,414.025,303.90833333333336,326.9,495.6806722689076,391.2083333333333,411.25210084033614,322.2436974789916,431.0833333333333,362.26666666666665,482.4873949579832,298.69166666666666,390.96638655462186,413.07563025210084,375.83193277310926,376.03333333333336,352.2542372881356,329.15833333333336,347.075,427.3529411764706,478.97478991596637,395.327731092437,390.4583333333333,393.3333333333333,361.5126050420168,460.125,398.7647058823529,501.30252100840335,418.8833333333333,435.30833333333334,318.0420168067227,392.7,320.7916666666667,392.79831932773106
2013-08-27 14:50:00,101.0,426.28333333333336,430.85,436.1666666666667,313.2689075630252,272.39495798319325,299.7083333333333,371.94117647058823,474.425,471.075,332.2773109243698,465.8666666666667,450.73333333333335,184.14285714285714,347.375,430.33613445378154,414.125,300.30252100840335,324.42857142857144,498.3613445378151,391.6333333333333,415.39166666666665,314.66386554621846,433.03361344537814,360.43697478991595,482.0420168067227,295.2416666666667,389.5416666666667,412.46666666666664,376.14166666666665,370.9166666666667,351.1764705882353,326.7916666666667,349.1166666666667,428.60833333333335,478.46666666666664,398.075,387.65546218487395,392.4117647058824,364.44166666666666,463.2,396.39495798319325,500.84166666666664,421.15966386554624,437.05882352941177,315.6333333333333,392.7647058823529,317.1512605042017,394.59166666666664
2013-08-27 15:00:00,99.86666666666666,424.4,432.09166666666664,439.76666666666665,314.3666666666667,269.2583333333333,297.725,369.01666666666665,477.34166666666664,475.26666666666665,336.4583333333333,466.0416666666667,450.7647058823529,183.00833333333333,345.8666666666667,431.5083333333333,412.8666666666667,305.34166666666664,326.6666666666667,496.56666666666666,393.2416666666667,412.55,321.8,434.7583333333333,362.6166666666667,485.0833333333333,294.4583333333333,392.2916666666667,410.25,373.1166666666667,376.94166666666666,351.56666666666666,328.43333333333334,348.03333333333336,426.14166666666665,478.9166666666667,399.2,389.51666666666665,393.69166666666666,365.59504132231405,463.0083333333333,406.725,499.4916666666667,417.675,436.6166666666667,316.84166666666664,392.675,294.0083333333333,397.925
2013-08-27 15:10:00,98.20833333333333,425.7310924369748,429.25,442.4201680672269,315.1666666666667,268.975,303.7916666666667,366.46666666666664,477.57142857142856,474.6470588235294,337.3,466.6890756302521,448.94117647058823,183.65833333333333,347.6,431.525,414.19166666666666,308.125,326.55,493.7583333333333,388.21666666666664,414.1344537815126,321.89166666666665,441.725,361.7916666666667,484.19166666666666,298.9583333333333,391.26050420168065,411.9495798319328,375.33613445378154,374.26666666666665,354.18333333333334,328.55833333333334,347.57142857142856,426.672268907563,479.56302521008405,397.16806722689074,388.7916666666667,396.0833333333333,365.87394957983196,545.8166666666667,443.5833333333333,503.0924369747899,417.125,438.46666666666664,336.2268907563025,395.44166666666666,278.31666666666666,395.8487394957983
2013-08-27 15:20:00,102.73333333333333,428.5798319327731,429.11764705882354,442.66386554621846,312.73333333333335,266.00840336134456,304.4453781512605,365.8235294117647,479.10833333333335,474.65,338.3109243697479,466.2583333333333,451.9579831932773,186.73333333333332,348.3109243697479,432.275,415.10084033613447,304.1848739495798,328.75,497.06666666666666,392.2689075630252,416.5798319327731,324.84166666666664,444.23333333333335,370.075,488.9,297.7226890756302,392.39166666666665,413.65546218487395,375.5833333333333,375.61344537815125,355.45,329.109243697479,348.2268907563025,427.8655462184874,480.825,398.109243697479,389.0924369747899,394.85,367.7563025210084,575.7647058823529,456.2416666666667,503.2268907563025,419.275,436.2583333333333,343.99159663865544,395.6386554621849,263.74789915966386,401.60504201680675
2013-08-27 15:30:00,101.34166666666667,428.70588235294116,430.8655462184874,444.16806722689074,316.01666666666665,269.0420168067227,307.78991596638656,364.65,481.2916666666667,476.475,338.1,469.728813559322,451.4201680672269,185.9,347.3193277310924,433.21666666666664,415.5546218487395,306.6333333333333,326.1,501.5416666666667,393.89915966386553,417.25210084033614,325.31666666666666,447.34166666666664,372.96666666666664,488.725,303.03361344537814,395.775,413.4201680672269,376.775,376.2689075630252,354.15833333333336,329.3529411764706,347.9075630252101,429.5966386554622,482.5083333333333,398.85714285714283,390.15833333333336,395.90833333333336,368.7416666666667,607.3949579831933,448.05,506.3781512605042,418.84166666666664,451.775,340.6890756302521,396.5833333333333,260.78991596638656,409.8655462184874
2013-08-27 15:40:00,105.45,430.51666666666665,432.03333333333336,443.93333333333334,319.1333333333333,269.575,308.075,367.19166666666666,484.59166666666664,476.14166666666665,343.2,469.525,454.19166666666666,188.64166666666668,350.6166666666667,433.2916666666667,420.575,307.2,330.7083333333333,501.9166666666667,394.5083333333333,417.59166666666664,326.8833333333333,445.23333333333335,384.775,489.3,301.7416666666667,394.45,415.453781512605,377.975,379.81666666666666,354.075,330.84166666666664,351.4,430.59166666666664,485.19166666666666,399.2916666666667,390.23333333333335,398.1333333333333,371.925,624.925,463.31666666666666,510.45,419.98333333333335,468.03333333333336,368.8,397.98333333333335,253.55,405.26666666666665
2013-08-27 15:50:00,104.29565217391304,432.73949579831935,431.93333333333334,443.0,317.175,275.34453781512605,310.4621848739496,365.7647058823529,485.275,479.9583333333333,343.47899159663865,470.4201680672269,454.5966386554622,191.875,349.2773109243698,434.1764705882353,420.1932773109244,309.0504201680672,328.23333333333335,505.8833333333333,396.20168067226894,419.8067226890756,327.875,442.65,371.7226890756302,493.575,303.15966386554624,393.4033613445378,416.8067226890756,379.6,382.3781512605042,359.0416666666667,332.38655462184875,351.8655462184874,431.94117647058823,482.68333333333334,398.9495798319328,387.7731092436975,398.01666666666665,373.23333333333335,640.4705882352941,467.8833333333333,512.0084033613446,422.6166666666667,506.19166666666666,407.9159663865546,400.34453781512605,253.53781512605042,408.99159663865544
2013-08-27 16:00:00,106.43697478991596,433.9159663865546,436.5416666666667,448.29411764705884,318.75,269.781512605042,313.00840336134456,368.5378151260504,490.175,479.6333333333333,343.7142857142857,474.1932773109244,456.2857142857143,191.56666666666666,351.66386554621846,434.7731092436975,419.78991596638656,314.3613445378151,330.23333333333335,509.30833333333334,400.5546218487395,420.5798319327731,329.2478632478632,447.10833333333335,385.6386554621849,492.075,301.84033613445376,398.01666666666665,416.60504201680675,382.4916666666667,383.9159663865546,357.76666666666665,333.6218487394958,354.15966386554624,433.52100840336135,487.625,400.89915966386553,394.6218487394958,399.0416666666667,371.7083333333333,638.6806722689075,469.9916666666667,511.34453781512605,424.10833333333335,513.7083333333334,409.93277310924367,400.66386554621846,253.4513274336283,410.56302521008405
2013-08-27 16:10:00,108.675,434.84166666666664,437.03333333333336,449.0083333333333,322.51666666666665,275.48333333333335,315.55833333333334,369.3833333333333,500.75,481.06666666666666,347.6333333333333,475.30833333333334,459.95,192.93333333333334,354.6166666666667,438.2,424.4,315.7916666666667,334.4916666666667,512.3833333333333,400.1333333333333,422.425,329.69642857142856,445.34166666666664,383.6,495.06666666666666,305.075,398.22222222222223,416.43333333333334,381.75,384.43333333333334,357.31666666666666,335.425,352.35,431.925,487.40833333333336,404.0,392.3666666666667,401.68333333333334,374.14166666666665,640.15,477.51666666666665,515.6833333333333,423.73333333333335,487.71666666666664,413.85,402.35833333333335,253.02542372881356,415.46666666666664
2013-08-27 16:20:00,111.1864406779661,435.7647058823529,440.11965811965814,450.07563025210084,324.1709401709402,277.9075630252101,320.85714285714283,369.1186440677966,498.1794871794872,485.79487179487177,349.06779661016947,478.5378151260504,462.06722689075633,194.7008547008547,356.15966386554624,440.45762711864404,427.42857142857144,316.39830508474574,335.6068376068376,513.4700854700855,398.0840336134454,476.8655462184874,334.05128205128204,450.94871794871796,379.6779661016949,499.9145299145299,309.01680672268907,400.4957264957265,420.7142857142857,383.02564102564105,385.453781512605,359.9230769230769,336.84033613445376,356.88235294117646,437.5798319327731,487.3162393162393,407.47899159663865,395.3813559322034,404.34188034188037,376.87179487179486,638.3781512605042,472.94017094017096,518.6806722689075,427.9230769230769,470.28205128205127,385.5798319327731,406.49152542372883,255.8050847457627,417.96638655462186
2013-08-27 16:30:00,114.21848739495799,439.5378151260504,440.5833333333333,455.85714285714283,327.1666666666667,280.85714285714283,328.6218487394958,373.475,505.2083333333333,487.01666666666665,351.375,484.6218487394958,463.1344537815126,194.24166666666667,358.20168067226894,444.05,433.4873949579832,322.3333333333333,337.89166666666665,524.975,400.96638655462186,498.0504201680672,340.9,466.26666666666665,408.975,503.65,310.84033613445376,404.98319327731093,422.4621848739496,397.15833333333336,389.00840336134456,379.9583333333333,339.94117647058823,356.327731092437,440.5546218487395,506.0416666666667,413.2857142857143,401.625,408.675,378.10833333333335,643.8319327731092,466.95,527.2100840336135,430.5,462.2083333333333,377.84033613445376,413.6333333333333,255.57983193277312,422.11764705882354
2013-08-27 16:40:00,116.54166666666667,447.6166666666667,444.4166666666667,456.51666666666665,334.525,286.5833333333333,333.6666666666667,377.0083333333333,507.89166666666665,489.65833333333336,356.4583333333333,486.19166666666666,466.30833333333334,195.18333333333334,360.30833333333334,447.45,438.81666666666666,325.9166666666667,342.94166666666666,524.0833333333334,405.85833333333335,492.8666666666667,341.3333333333333,480.9166666666667,426.94166666666666,504.3833333333333,311.14166666666665,405.47899159663865,421.46666666666664,409.28333333333336,391.525,385.25,340.3,358.725,438.15833333333336,524.1583333333333,414.98333333333335,401.45,408.7416666666667,381.6,582.1916666666667,482.4583333333333,527.5416666666666,433.03333333333336,462.05833333333334,368.3,412.78333333333336,257.0416666666667,424.525
2013-08-27 16:50:00,115.89915966386555,446.52100840336135,444.78333333333336,455.94117647058823,364.60833333333335,282.73949579831935,341.83193277310926,374.218487394958,509.8,491.3333333333333,352.76666666666665,482.3898305084746,470.1344537815126,198.49166666666667,360.1764705882353,444.21666666666664,436.97478991596637,325.0,341.94166666666666,519.825,403.97478991596637,494.47899159663865,336.125,480.35833333333335,408.39166666666665,499.85,311.3193277310924,403.7416666666667,426.60504201680675,406.30833333333334,388.635593220339,379.8,342.14406779661016,361.39495798319325,437.20168067226894,518.4,413.15966386554624,402.95,408.71666666666664,380.375,537.7226890756302,480.80833333333334,531.8739495798319,434.05,457.78333333333336,378.218487394958,411.46666666666664,257.42857142857144,420.6218487394958
2013-08-27 17:00:00,112.1344537815126,533.4789915966387,452.9,457.3529411764706,422.56666666666666,282.2352941176471,346.0924369747899,376.65546218487395,506.51666666666665,491.8,352.18333333333334,481.56302521008405,465.6302521008403,195.95833333333334,358.9075630252101,447.96666666666664,438.5546218487395,322.8666666666667,340.825,516.1083333333333,407.781512605042,484.7142857142857,338.19166666666666,475.1666666666667,405.76666666666665,498.575,311.7142857142857,402.4916666666667,427.672268907563,402.575,388.42857142857144,381.825,344.4201680672269,360.52941176470586,442.4201680672269,514.075,408.47899159663865,397.375,407.44166666666666,382.425,514.8151260504202,515.0833333333334,529.9411764705883,435.03333333333336,480.03333333333336,368.3697478991597,408.59166666666664,256.4453781512605,416.42857142857144
2013-08-27 17:10:00,114.40833333333333,642.6333333333333,449.45,456.475,459.0,282.69166666666666,340.2916666666667,377.5833333333333,503.9166666666667,494.05833333333334,349.453781512605,481.44166666666666,463.21666666666664,195.109243697479,361.45,445.1512605042017,437.875,320.79831932773106,341.47899159663865,517.7226890756302,406.6166666666667,486.725,337.4117647058824,470.3109243697479,400.7310924369748,501.74789915966386,307.45,399.43697478991595,425.8666666666667,399.56666666666666,387.30833333333334,378.92436974789916,344.4117647058824,361.6333333333333,442.85833333333335,507.05833333333334,411.65833333333336,394.60504201680675,411.0420168067227,382.30833333333334,499.3666666666667,584.436974789916,527.5916666666667,438.69026548672565,522.0168067226891,374.85833333333335,406.26050420168065,254.86666666666667,418.9916666666667
2013-08-27 17:20:00,114.9,599.7,455.475,456.2916666666667,483.7916666666667,280.53333333333336,340.725,377.85833333333335,502.18333333333334,495.5,348.35,480.175,467.15,199.35,363.7416666666667,445.2,438.80833333333334,317.6,338.76666666666665,518.35,410.7916666666667,482.18333333333334,333.7083333333333,462.1666666666667,389.4916666666667,499.625,309.65,400.05,426.4166666666667,397.60833333333335,388.1333333333333,376.73333333333335,344.35833333333335,363.325,443.4166666666667,504.05833333333334,407.76666666666665,393.8666666666667,408.825,382.0083333333333,490.7416666666667,626.4916666666667,528.55,489.0761904761905,514.8583333333333,376.925,403.2916666666667,255.09166666666667,415.76666666666665
2013-08-27 17:30:00,120.5546218487395,662.4083333333333,463.325,458.53333333333336,504.47058823529414,281.1344537815126,337.70588235294116,375.85714285714283,494.6,493.34166666666664,349.1512605042017,478.546218487395,465.98333333333335,196.35294117647058,363.60833333333335,445.5126050420168,438.9579831932773,320.92436974789916,338.6470588235294,526.525,409.725,484.56666666666666,331.7583333333333,461.84166666666664,381.25210084033614,498.90833333333336,308.7563025210084,401.43333333333334,424.825,396.5083333333333,390.89915966386553,373.6,345.11764705882354,362.44166666666666,444.1333333333333,505.6166666666667,411.64166666666665,394.327731092437,407.34166666666664,381.03333333333336,487.01666666666665,639.55,526.4166666666666,528.8504672897196,516.55,390.31666666666666,405.25210084033614,257.9075630252101,414.8677685950413
2013-08-27 17:40:00,127.56666666666666,627.9333333333333,464.7416666666667,462.225,524.5714285714286,284.2583333333333,339.6,378.5416666666667,500.8235294117647,494.6666666666667,350.5378151260504,485.5833333333333,465.6666666666667,199.87394957983193,364.78333333333336,447.15966386554624,444.8,327.00840336134456,342.57142857142856,531.8655462184873,410.14166666666665,481.55833333333334,337.47058823529414,473.6386554621849,378.7310924369748,507.26050420168065,315.05833333333334,408.93277310924367,430.0416666666667,397.28333333333336,392.51666666666665,376.7563025210084,344.73333333333335,363.85833333333335,447.55,501.6666666666667,414.45,400.34453781512605,410.25210084033614,383.2583333333333,488.23333333333335,583.2857142857143,533.9416666666667,554.8859649122807,550.6638655462185,385.375,410.94117647058823,259.5416666666667,421.2
2013-08-27 17:50:00,119.95833333333333,658.2583333333333,467.425,463.03333333333336,530.725,282.525,331.025,376.075,497.55833333333334,497.10833333333335,353.19166666666666,488.625,468.5,198.14166666666668,363.46666666666664,446.8333333333333,443.275,325.05833333333334,343.5,528.525,410.7,495.55,339.46666666666664,475.56666666666666,377.2416666666667,499.74782608695654,315.075,404.125,426.81666666666666,396.35833333333335,393.60833333333335,371.925,347.18333333333334,362.21666666666664,445.0,501.5416666666667,413.23333333333335,400.30833333333334,411.01666666666665,384.0,486.625,531.0666666666667,533.5833333333334,576.2583333333333,539.35,373.56666666666666,408.51666666666665,255.44166666666666,418.71666666666664
2013-08-27 18:00:00,120.11267605633803,622.5285714285715,543.7083333333334,461.97222222222223,530.1285714285714,288.7464788732394,324.35714285714283,374.29411764705884,496.8695652173913,496.3521126760563,352.56164383561645,487.08045977011494,467.32876712328766,200.0142857142857,366.09722222222223,447.4347826086956,444.56944444444446,325.81944444444446,345.5,531.2608695652174,413.9178082191781,496.80281690140845,341.6142857142857,471.14084507042253,376.1142857142857,500.1014492753623,316.93055555555554,402.1,430.8082191780822,395.19444444444446,394.32876712328766,372.84507042253523,346.041095890411,364.71232876712327,445.6849315068493,504.7671232876712,412.92957746478874,399.5857142857143,407.15492957746477,383.37142857142857,485.3333333333333,488.4861111111111,532.3698630136986,591.6,588.3661971830986,374.9594594594595,408.7647058823529,257.975,414.2083333333333
2013-08-27 18:10:00,,,,,,,,,,,,,,,,,,,,,,,,,,,,,,,,,,,,,,,,,,,,,,,,266.44166666666666,426.275
2013-08-27 18:20:00,,,,,,,,,,,,,,,,,,,,,,,,,,,,,,,,,,,,,,,,,,,,,,,,274.96666666666664,450.90833333333336
2013-08-27 18:30:00,,,,,,,,,,,,,,,,,,,,,,,,,,,,,,,,,,,,,,,,,,,,,,,,282.7583333333333,460.03333333333336
2013-08-27 18:40:00,,,,,,,,,,,,,,,,,,,,,,,,,,,,,,,,,,,,,,,,,,,,,,,,290.15833333333336,471.06666666666666
2013-08-27 18:50:00,,,,,,,,,,,,,,,,,,,,,,,,,,,,,,,,,,,,,,,,,,,,,,,,302.2083333333333,476.28333333333336
2013-08-27 19:00:00,,,,,,,,,,,,,,,,,,,,,,,,,,,,,,,,,,,,,,,,,,,,,,,,300.6,480.26050420168065
2013-08-27 19:10:00,,,,,,,,,,,,,,,,,,,,,465.0,,,,,,,,,,,,,,,,,,,,,,,,,,,307.4583333333333,476.96666666666664
2013-08-27 19:20:00,,,,,,,,,,,,,,,,,,,,,,,,,,,,,,,,,,,,,,,,,,,,,,,,312.7583333333333,474.23333333333335
2013-08-27 19:30:00,,,,,,,,,,,,,,,,,,,,,,,,,,,,,,,,,,,,,,,,,,,,,,,,311.0416666666667,476.55833333333334
2013-08-27 19:40:00,,,,,,,,,,,,,,,,,,,,,,,,,,,,,,,,,,,,,,,,,,,,,,,,308.23333333333335,475.8666666666667
2013-08-27 19:50:00,,,,,,,,,,,,,,,,,,,,,,,,,,,,,,,,,,,,,,,,,,,,,,,,311.47058823529414,476.9
2013-08-27 20:00:00,,,,,,,,,,,,,,,,496.0,,,,,,,,,,,,,,,,,,,,,,,,,,,,,,,,314.73333333333335,479.9166666666667
2013-08-27 20:10:00,,,,,,,,,,,,,,,,,,,,,,,,,,,,,,,,,,,,,,,,,,,,,,,,354.03333333333336,484.1
2013-08-27 20:20:00,,,,541.0,,,,,,,,,,,,,,,,,,,,,,,,,,,,,,,,,,,,,,,,,,,,344.775,492.70588235294116
2013-08-27 20:30:00,,,,536.0,,,,,,,,,,,,,,,,,,,,,,,,,,,,,,,,,,,,,,,,,,,,339.59166666666664,497.2416666666667
2013-08-27 20:40:00,,,,,,,,,,,,,,,,539.5,,,,,,,,,,,,,,,,,,,,,,,,,,,,,,,,341.55,506.175
2013-08-27 20:50:00,,,,,,,,,,,,,,,,555.8333333333334,,,,,,,,,,,,,,,,,,,,,,,,,,,,,,,,340.42857142857144,510.325
2013-08-27 21:00:00,,,,,,,,,,,,,,,,,,,,,,,,,,,,,,,,,,,,,,,,,,,,,,,,347.3666666666667,521.375
2013-08-27 21:10:00,,629.7142857142857,,,,,,,,,,,,,,,,,,,,,,,,,,,,,,,,,,,,,,,,,,,,,,349.85,531.75
2013-08-27 21:20:00,,,,,,,,444.0,,,,,,,,,,,,,,,,,,,,,,,,,,,,,,,,,,,,,,,,353.6166666666667,536.6050420168067
2013-08-27 21:30:00,,,,,,,,,,,,,,,,,,,,,,,,,,,,,,,,,,,,,,,,,,,,,,,,356.10833333333335,538.975
2013-08-27 21:40:00,,,,,,,,,,,,,,245.0,,,,,,,,,,,,,,,,,,,,,,,,,,,,,,,,,,358.0833333333333,543.7833333333333
2013-08-27 21:50:00,,,,,,,,,,,,,,248.0,,,,,,,,,,,,,,,,,,,,,,,,,,,,,,,,,,361.7226890756302,553.825
2013-08-27 22:00:00,,,,,,,,,,,,,,,,,,,,,,,,,,,,,,,,,,,,,,,,,,,,,,,,362.8333333333333,537.6916666666667
2013-08-27 22:10:00,,,,,,,,,,,400.3333333333333,599.0,,,,,,,,,,,,,,,,,,,,,,,,,,,,,,,,,,,,363.8333333333333,529.3083333333333
2013-08-27 22:20:00,,,,,,,,,,,412.29411764705884,609.0,,,,,,,,,,,,,,,,,,,,,,,,,,,,,,,,,,,,358.40833333333336,522.9747899159664
2013-08-27 22:30:00,,,,,,,,,,,,,,,,,,,,,,,,,,,,,,,,,,,,,,,,,,,,,,,,350.575,515.4666666666667
2013-08-27 22:40:00,,,,,,,,,,,,,,,,,,,,,,,,,,,,,,,,,,,,,,,,,,,,,,,,349.21666666666664,506.6
2013-08-27 22:50:00,,,,,,,,,,,,,,,,,,,,,,,,,,,,,,,,,,,,,,,,,,,,,,,,342.0504201680672,506.3109243697479
2013-08-27 23:00:00,,,,,,,,,,,,,577.0,,,558.0,,,,,,,,,,,,,,,,,,,,,,,,,,,,,,,,341.20168067226894,506.51666666666665
2013-08-27 23:10:00,,,,,,,,,,,,,,,,,,,,,,,,,,,,,,,,,,,,,,,,,,,,,,,,338.275,504.5416666666667
2013-08-27 23:20:00,233.11494252873564,587.7613636363636,557.551724137931,562.919540229885,511.72093023255815,393.04545454545456,409.0,462.90909090909093,577.0689655172414,745.1264367816092,408.6279069767442,578.2790697674419,565.5955056179776,299.85057471264366,459.24719101123594,558.5930232558139,663.4597701149426,410.74418604651163,432.48837209302326,640.6436781609195,509.0581395348837,592.9655172413793,482.1162790697674,556.2441860465116,454.8735632183908,602.5747126436781,408.2413793103448,464.9310344827586,518.5172413793103,484.5568181818182,487.95348837209303,459.0581395348837,436.2142857142857,452.69767441860466,529.0238095238095,605.2921348314607,487.96590909090907,482.1264367816092,502.2068965517241,461.3820224719101,578.9310344827586,501.7241379310345,610.2558139534884,528.8735632183908,660.0340909090909,522.1627906976744,486.6046511627907,331.1682242990654,500.64814814814815
2013-08-27 23:30:00,242.01666666666668,612.875,558.9666666666667,557.3166666666667,514.8333333333334,383.175,406.56666666666666,459.81666666666666,572.425,700.5583333333333,417.1666666666667,574.7833333333333,558.525,320.34166666666664,458.71666666666664,550.8083333333333,609.525,411.5083333333333,431.1333333333333,635.2166666666667,508.10833333333335,589.625,466.23333333333335,545.2916666666666,448.60833333333335,595.2,403.9,459.89166666666665,517.4666666666667,478.675,487.30833333333334,457.275,433.81666666666666,447.5833333333333,524.1666666666666,597.6583333333333,483.35,480.1666666666667,499.76666666666665,460.14166666666665,577.6916666666667,499.78333333333336,607.3583333333333,525.1583333333333,620.1416666666667,498.03333333333336,482.425,330.5083333333333,497.75
2013-08-27 23:40:00,252.79166666666666,614.225,557.25,553.625,506.35833333333335,372.23333333333335,402.2583333333333,459.5083333333333,567.875,703.775,422.85833333333335,570.4,557.1083333333333,307.575,450.7083333333333,545.7166666666667,544.3416666666667,408.90833333333336,425.89166666666665,636.0083333333333,501.175,589.1416666666667,466.44166666666666,534.9333333333333,449.075,594.3833333333333,398.9166666666667,456.96666666666664,513.375,477.53333333333336,484.31666666666666,451.23333333333335,434.1666666666667,444.375,524.2333333333333,594.0666666666667,489.94166666666666,475.30833333333334,495.9,454.325,573.3333333333334,496.7916666666667,606.1083333333333,521.1416666666667,583.9083333333333,479.875,477.4,327.0,498.975
2013-08-27 23:50:00,251.39166666666668,594.2333333333333,553.25,550.95,497.8666666666667,366.5083333333333,403.525,456.01666666666665,565.0333333333333,729.9583333333334,426.7416666666667,570.375,557.9083333333333,293.9,446.6666666666667,542.4083333333333,576.15,410.175,421.89166666666665,631.4833333333333,499.2083333333333,589.1333333333333,467.6666666666667,533.175,444.1,593.275,398.4,458.0,510.7083333333333,474.0416666666667,483.21666666666664,451.675,426.39166666666665,442.3833333333333,518.975,588.15,486.225,475.775,494.2083333333333,455.925,568.4166666666666,495.28333333333336,605.0083333333333,513.0,564.0166666666667,466.35,477.925,325.68333333333334,501.59166666666664
