dt,co2_raw,co2_score,light_score,pir_score,fused_score,occupied
2013-08-23 21:20:00,,,,0.0,,0.0
2013-08-23 21:30:00,,,,0.0,,0.0
2013-08-23 21:40:00,,,,0.0,,0.0
2013-08-23 21:50:00,,,,0.0,,0.0
2013-08-23 22:00:00,,,,0.0,,0.0
2013-08-23 22:10:00,,,,0.0,,0.0
2013-08-23 22:20:00,,,,0.0,,0.0
2013-08-23 22:30:00,,,,0.0,,0.0
2013-08-23 22:40:00,,,,0.0,,0.0
2013-08-23 22:50:00,,,,0.0,,0.0
2013-08-23 23:00:00,,,0.0,0.0,,0.0
2013-08-23 23:10:00,,,0.0,0.0,,0.0
2013-08-23 23:20:00,,,0.0,0.0,,0.0
2013-08-23 23:30:00,,,0.0,0.0,,0.0
2013-08-23 23:40:00,,,0.0,0.0,,0.0
2013-08-23 23:50:00,,,0.0,0.0,,0.0
2013-08-24 00:00:00,,,0.0,0.0,,0.0
2013-08-24 00:10:00,,,0.0,0.0,,0.0
2013-08-24 00:20:00,,,0.0,1.0,,0.0
2013-08-24 00:30:00,,,0.0,1.0,,0.0
2013-08-24 00:40:00,,,0.0,1.0,,0.0
2013-08-24 00:50:00,,,0.0,0.0,,0.0
2013-08-24 01:00:00,,,0.0,1.0,,0.0
2013-08-24 01:10:00,,,1.0,1.0,,0.0
2013-08-24 01:20:00,,,0.0,1.0,,0.0
2013-08-24 01:30:00,,,0.0,0.0,,0.0
2013-08-24 01:40:00,,,0.0,0.0,,0.0
2013-08-24 01:50:00,,,0.0,0.0,,0.0
2013-08-24 02:00:00,,,0.0,0.0,,0.0
2013-08-24 02:10:00,,,0.0,0.0,,0.0
2013-08-24 02:20:00,,,0.0,0.0,,0.0
2013-08-24 02:30:00,,,0.0,0.0,,0.0
2013-08-24 02:40:00,,,0.0,0.0,,0.0
2013-08-24 02:50:00,,,0.0,0.0,,0.0
2013-08-24 03:00:00,,,0.0,0.0,,0.0
2013-08-24 03:10:00,,,0.0,0.0,,0.0
2013-08-24 03:20:00,,,0.0,0.0,,0.0
2013-08-24 03:30:00,,,0.0,0.0,,0.0
2013-08-24 03:40:00,,,0.0,0.0,,0.0
2013-08-24 03:50:00,,,0.0,0.0,,0.0
2013-08-24 04:00:00,,,0.0,0.0,,0.0
2013-08-24 04:10:00,,,0.0,0.0,,0.0
2013-08-24 04:20:00,,,0.0,0.0,,0.0
2013-08-24 04:30:00,,,0.0,0.0,,0.0
2013-08-24 04:40:00,,,0.0,0.0,,0.0
2013-08-24 04:50:00,,,0.0,0.0,,0.0
2013-08-24 05:00:00,,,0.0,0.0,,0.0
2013-08-24 05:10:00,,,0.0,0.0,,0.0
2013-08-24 05:20:00,,,0.0,0.0,,0.0
2013-08-24 05:30:00,,,0.0,0.0,,0.0
2013-08-24 05:40:00,,,0.0,0.0,,0.0
2013-08-24 05:50:00,,,0.0,0.0,,0.0
2013-08-24 06:00:00,,,0.0,0.0,,0.0
2013-08-24 06:10:00,,,0.0,0.0,,0.0
2013-08-24 06:20:00,,,0.0,0.0,,0.0
2013-08-24 06:30:00,,,0.0,0.0,,0.0
2013-08-24 06:40:00,,,0.0,0.0,,0.0
2013-08-24 06:50:00,,,0.0,0.0,,0.0
2013-08-24 07:00:00,,,0.0,0.0,,0.0
2013-08-24 07:10:00,,,0.0,0.0,,0.0
2013-08-24 07:20:00,,,0.0,0.0,,0.0
2013-08-24 07:30:00,,,0.0,0.0,,0.0
2013-08-24 07:40:00,,,0.0,0.0,,0.0
2013-08-24 07:50:00,,,0.0,0.0,,0.0
2013-08-24 08:00:00,,,0.0,0.0,,0.0
2013-08-24 08:10:00,,,0.0,0.0,,0.0
2013-08-24 08:20:00,,,0.0,0.0,,0.0
2013-08-24 08:30:00,,,0.0,0.0,,0.0
2013-08-24 08:40:00,,,0.0,0.0,,0.0
2013-08-24 08:50:00,,,0.0,0.0,,0.0
2013-08-24 09:00:00,,,0.0,0.0,,0.0
2013-08-24 09:10:00,,,0.0,0.0,,0.0
2013-08-24 09:20:00,,,0.0,0.0,,0.0
2013-08-24 09:30:00,,,0.0,0.0,,0.0
2013-08-24 09:40:00,,,0.0,0.0,,0.0
2013-08-24 09:50:00,,,0.0,0.0,,0.0
2013-08-24 10:00:00,,,0.0,0.0,,0.0
2013-08-24 10:10:00,,,0.0,0.0,,0.0
2013-08-24 10:20:00,,,0.0,0.0,,0.0
2013-08-24 10:30:00,,,0.0,0.0,,0.0
2013-08-24 10:40:00,,,0.0,0.0,,0.0
2013-08-24 10:50:00,,,0.0,0.0,,0.0
2013-08-24 11:00:00,,,0.0,0.0,,0.0
2013-08-24 11:10:00,,,0.0,0.0,,0.0
2013-08-24 11:20:00,,,0.0,0.0,,0.0
2013-08-24 11:30:00,,,0.0,0.0,,0.0
2013-08-24 11:40:00,,,0.0,0.0,,0.0
2013-08-24 11:50:00,,,0.0,0.0,,0.0
2013-08-24 12:00:00,,,0.0,0.0,,0.0
2013-08-24 12:10:00,,,0.0,0.0,,0.0
2013-08-24 12:20:00,,,0.0,0.0,,0.0
2013-08-24 12:30:00,,,0.0,0.0,,0.0
2013-08-24 12:40:00,,,0.0,0.0,,0.0
2013-08-24 12:50:00,,,0.0,0.0,,0.0
2013-08-24 13:00:00,,,0.0,0.0,,0.0
2013-08-24 13:10:00,,,0.0,0.0,,0.0
2013-08-24 13:20:00,,,0.0,0.0,,0.0
2013-08-24 13:30:00,,,0.0,0.0,,0.0
2013-08-24 13:40:00,,,0.0,0.0,,0.0
2013-08-24 13:50:00,,,0.0,0.0,,0.0
2013-08-24 14:00:00,,,0.0,0.0,,0.0
2013-08-24 14:10:00,,,0.0,0.0,,0.0
2013-08-24 14:20:00,,,0.0,0.0,,0.0
2013-08-24 14:30:00,,,0.0,0.0,,0.0
2013-08-24 14:40:00,,,0.0,0.0,,0.0
2013-08-24 14:50:00,,,0.0,0.0,,0.0
2013-08-24 15:00:00,,,0.0,0.0,,0.0
2013-08-24 15:10:00,,,0.0,1.0,,0.0
2013-08-24 15:20:00,,,1.0,1.0,,0.0
2013-08-24 15:30:00,,,1.0,1.0,,0.0
2013-08-24 15:40:00,,,1.0,1.0,,0.0
2013-08-24 15:50:00,,,0.0,1.0,,0.0
2013-08-24 16:00:00,,,0.0,0.0,,0.0
2013-08-24 16:10:00,,,1.0,1.0,,0.0
2013-08-24 16:20:00,,,1.0,1.0,,0.0
2013-08-24 16:30:00,,,0.0,1.0,,0.0
2013-08-24 16:40:00,,,0.0,0.0,,0.0
2013-08-24 16:50:00,,,0.0,0.0,,0.0
2013-08-24 17:00:00,,,0.0,0.0,0.0,0.0
2013-08-24 17:10:00,,,0.0,0.0,0.22510414043700624,0.0
2013-08-24 17:20:00,,,0.0,0.0,0.23461518899529918,0.0
2013-08-24 17:30:00,,,0.0,1.0,0.28452626523543734,0.0
2013-08-24 17:40:00,8.714285714285714,0.0,1.0,1.0,0.5893487845835467,1.0
2013-08-24 17:50:00,284.2583333333333,0.40928025534001133,1.0,1.0,0.6287182888617256,1.0
2013-08-24 18:00:00,286.2916666666667,0.4265730709005439,1.0,1.0,0.6534314232304046,1.0
2013-08-24 18:10:00,275.5833333333333,0.33550230042806783,0.0,1.0,0.2959083397396238,1.0
2013-08-24 18:20:00,265.925,0.25336142651553945,0.0,0.0,0.1439873697410748,1.0
2013-08-24 18:30:00,274.34166666666664,0.3249423433849558,0.0,0.0,0.13946572370516497,0.0
2013-08-24 18:40:00,279.625,0.3698753149643721,0.0,0.0,0.12870732451627634,0.0
2013-08-24 18:50:00,278.01666666666665,0.3561969813447705,0.0,0.0,0.11397299519236383,0.0
2013-08-24 19:00:00,266.9166666666667,0.261795217711045,0.0,0.0,0.0977184572874125,0.0
2013-08-24 19:10:00,265.95,0.2535740431002999,0.0,0.0,0.10114867152155095,0.0
2013-08-24 19:20:00,263.65,0.23401331730232058,0.0,0.0,0.1050076625349566,0.0
2013-08-24 19:30:00,260.5,0.20722362762247967,0.0,0.0,0.08462127566615694,0.0
2013-08-24 19:40:00,257.025,0.17766992234075,0.0,0.0,0.07709819217537622,0.0
2013-08-24 19:50:00,257.7583333333333,0.183906675493729,0.0,0.0,0.07203083023858084,0.0
2013-08-24 20:00:00,258.5833333333333,0.19092302279083015,0.0,0.0,0.0947170198325415,0.0
2013-08-24 20:10:00,254.225,0.15385686484755806,0.0,0.0,0.0838806612292407,0.0
2013-08-24 20:20:00,252.61666666666667,0.14017853122795676,0.0,0.0,0.09803029494506144,0.0
2013-08-24 20:30:00,251.53333333333333,0.13096514588832878,0.0,0.0,0.09210537944973157,0.0
2013-08-24 20:40:00,256.3833333333333,0.17221276333189361,0.0,0.0,0.09666600519284747,0.0
2013-08-24 20:50:00,254.06666666666666,0.152510293144074,0.0,0.0,0.08349086415717948,0.0
2013-08-24 21:00:00,257.09166666666664,0.17823689990011168,0.0,0.0,0.09732866021535141,0.0
2013-08-24 21:10:00,255.825,0.1674643262722392,0.0,0.0,0.08773965224264646,0.0
2013-08-24 21:20:00,256.8,0.17575637307790448,0.0,0.0,0.09522375602622109,0.0
2013-08-24 21:30:00,253.98333333333332,0.15180157119487175,0.0,0.0,0.085283930688661,0.0
2013-08-24 21:40:00,256.94166666666666,0.176961200391548,0.0,0.0,0.09237823740017441,0.0
2013-08-24 21:50:00,254.89166666666668,0.15952664044117537,0.0,0.0,0.0794369746077433,0.0
2013-08-24 22:00:00,256.4916666666667,0.1731341018658565,0.0,0.0,0.07565594300874984,0.0
2013-08-24 22:10:00,254.36666666666667,0.1550616921612018,0.0,0.0,0.07421369384212345,0.0
2013-08-24 22:20:00,255.88333333333333,0.16796043163668073,0.0,0.0,0.08863618550838716,0.0
2013-08-24 22:30:00,253.11666666666667,0.14443086292316962,0.0,0.0,0.07378491706285614,0.0
2013-08-24 22:40:00,252.30833333333334,0.1375562600159088,0.0,0.0,0.07592880095919267,0.0
2013-08-24 22:50:00,252.0,0.13493398880386082,0.0,0.0,0.0623248831442575,0.0
2013-08-24 23:00:00,255.08333333333334,0.16115670092434028,0.0,0.0,0.04166563832501487,0.0
2013-08-24 23:10:00,251.90833333333333,0.13415439465973844,0.0,0.0,0.046849939383428636,0.0
2013-08-24 23:20:00,252.36666666666667,0.13805236538035032,0.0,0.0,0.03082927972171408,0.0
2013-08-24 23:30:00,249.45833333333334,0.11331796935319545,0.0,0.0,0.02513824246962084,0.0
2013-08-24 23:40:00,245.04166666666666,0.07575570604548157,0.0,0.0,0.019291286388703137,0.0
2013-08-24 23:50:00,246.15,0.08518170796987024,0.0,0.0,0.019759042875176526,0.0
2013-08-25 00:00:00,242.725,0.056053235857661955,0.0,0.0,0.0239688512534373,0.0
2013-08-25 00:10:00,241.50833333333333,0.045705895399310616,0.0,0.0,0.031491934744218145,0.0
2013-08-25 00:20:00,240.25833333333333,0.03507506616127843,0.0,0.0,0.02291639915887214,0.0
2013-08-25 00:30:00,240.35833333333332,0.035925532500320954,0.0,0.0,0.027516004609194136,0.0
2013-08-25 00:40:00,241.25833333333333,0.04357972955170417,0.0,0.0,0.028958253775820387,0.0
2013-08-25 00:50:00,242.86666666666667,0.05725806317130572,0.0,0.0,0.02354007447416999,0.0
2013-08-25 01:00:00,241.03333333333333,0.041666180288858434,0.0,0.0,0.027282126365957372,0.0
2013-08-25 01:10:00,242.01666666666668,0.05002909928944388,0.0,0.0,0.006544922132302574,0.0
2013-08-25 01:20:00,242.325,0.05265137050149161,0.0,0.0,0.00288082965492749,0.0
2013-08-25 01:30:00,241.16666666666666,0.0428001354075818,0.0,0.0,0.012820654992487584,0.0
2013-08-25 01:40:00,241.96666666666667,0.04960386611992249,0.0,0.0,0.011573304361891745,0.0
2013-08-25 01:50:00,237.53333333333333,0.011899858422368315,0.0,0.0,0.005648388866561878,0.0
2013-08-25 02:00:00,236.75,0.005237872099868163,0.0,0.0,0.008766765443051276,0.0
2013-08-25 02:10:00,238.875,0.023310281804522878,0.0,0.0,0.0,0.0
2013-08-25 02:20:00,238.60833333333332,0.021042371567075897,0.0,0.0,0.003504504970225343,0.0
2013-08-25 02:30:00,237.34166666666667,0.010269797939203414,0.0,0.0,0.0,0.0
2013-08-25 02:40:00,238.00833333333333,0.015939573532820498,0.0,0.0,0.0,0.0
2013-08-25 02:50:00,235.66666666666666,0.0,0.0,0.0,0.0,0.0
2013-08-25 03:00:00,236.88333333333333,0.006371827218591532,0.0,0.0,0.0,0.0
2013-08-25 03:10:00,234.76666666666668,0.0,0.0,0.0,0.0,0.0
2013-08-25 03:20:00,235.375,0.0,0.0,0.0,0.0,0.0
2013-08-25 03:30:00,235.94166666666666,0.0,0.0,0.0,0.0,0.0
2013-08-25 03:40:00,233.81666666666666,0.0,0.0,0.0,0.009273501636730878,0.0
2013-08-25 03:50:00,235.28333333333333,0.0,0.0,0.0,0.0,0.0
2013-08-25 04:00:00,235.68333333333334,0.0,0.0,0.0,0.006661861253920955,0.0
2013-08-25 04:10:00,235.55,0.0,0.0,0.0,0.011651263776304042,0.0
2013-08-25 04:20:00,238.11666666666667,0.016860912066783414,0.0,0.0,0.008143090127753421,0.0
2013-08-25 04:30:00,235.51666666666668,0.0,0.0,0.0,0.02026577906885613,0.0
2013-08-25 04:40:00,237.55833333333334,0.012112475007129008,0.0,0.0,0.016133930105007657,0.0
2013-08-25 04:50:00,238.625,0.02118411595691644,0.0,0.0,0.013951066501465041,0.0
2013-08-25 05:00:00,237.875,0.01480561841409713,0.0,0.0,0.00346552526301926,0.0
2013-08-25 05:10:00,240.46666666666667,0.03684687103428387,0.0,0.0,0.012119020262777433,0.0
2013-08-25 05:20:00,239.58333333333334,0.029334418372741193,0.0,0.0,0.003309606434194797,0.0
2013-08-25 05:30:00,239.11666666666667,0.025365575457209164,0.0,0.0,0.014184944744701668,0.0
2013-08-25 05:40:00,236.875,0.006300955023671381,0.0,0.0,0.019681083460764363,0.0
2013-08-25 05:50:00,238.725,0.022034582295958966,0.0,0.0,0.019330266095909352,0.0
2013-08-25 06:00:00,236.84166666666667,0.0060174662439905395,0.0,0.0,0.010364933438502122,0.0
2013-08-25 06:10:00,239.16666666666666,0.025790808626730305,0.0,0.0,0.004634916479202801,0.0
2013-08-25 06:20:00,240.34166666666667,0.035783788110480656,0.0,0.0,0.0231502774021089,0.0
2013-08-25 06:30:00,240.26666666666668,0.03514593835619882,0.0,0.0,0.025450080127269764,0.0
2013-08-25 06:40:00,238.35,0.01884533352454931,0.0,0.0,0.027827842266843063,0.0
2013-08-25 06:50:00,237.125,0.008427120871277819,0.0,0.0,0.021630068821070218,0.0
2013-08-25 07:00:00,241.08333333333334,0.042091413458379814,0.0,0.0,0.01430188386632005,0.0
2013-08-25 07:10:00,241.575,0.046272872958672294,0.0,0.0,0.015900051861770896,0.0
2013-08-25 07:20:00,242.08333333333334,0.050596076848805564,0.0,0.0,0.018550671951786904,0.0
2013-08-25 07:30:00,240.75833333333333,0.0393273978564913,0.0,0.0,0.009819217537616436,0.0
2013-08-25 07:40:00,239.19166666666666,0.026003425211491,0.0,0.0,0.0033485861414008795,0.0
2013-08-25 07:50:00,239.53333333333333,0.02890918520321981,0.0,0.0,0.01266473616366312,0.0
2013-08-25 08:00:00,240.1,0.03372849445779437,0.0,0.0,0.009462279392290988,0.0
2013-08-25 08:10:00,238.23333333333332,0.017853122795666244,0.0,0.0,0.005858355188571322,0.0
2013-08-25 08:20:00,236.85,0.0060883384389106895,0.0,0.0,0.010235430609602431,0.0
2013-08-25 08:30:00,238.84166666666667,0.023026793024842035,0.0,0.0,0.012972970655099777,0.0
2013-08-25 08:40:00,238.15702479338842,0.017204144349619976,0.0,0.0,0.007220140862087954,0.0
2013-08-25 08:50:00,237.38655462184875,0.010651554888311493,0.0,0.0,0.02131823116342129,0.0
2013-08-25 09:00:00,238.32231404958677,0.01860987383564078,0.0,0.0,0.01699148366354227,0.0
2013-08-25 09:10:00,238.9075630252101,0.023587219372908683,0.0,0.0,0.025333141005651517,0.0
2013-08-25 09:20:00,237.67768595041323,0.013127528840159915,0.0,0.0,0.023228236816521065,0.0
2013-08-25 09:30:00,240.69166666666666,0.038760420297129616,0.0,0.0,0.022019865893131443,0.0
2013-08-25 09:40:00,239.76666666666668,0.030893606660985947,0.0,0.0,0.027671923438018598,0.0
2013-08-25 09:50:00,241.55,0.04606025637391185,0.0,0.0,0.017381280735603365,0.0
2013-08-25 10:00:00,241.1,0.04223315784822011,0.0,0.0,0.011534324654685662,0.0
2013-08-25 10:10:00,240.84166666666667,0.04003611980569353,0.0,0.0,0.0009318442946216338,0.0
2013-08-25 10:20:00,242.05,0.05031258806912472,0.0,0.0,0.0,0.0
2013-08-25 10:30:00,239.85,0.031602328610187934,0.0,0.0,0.0,0.0
2013-08-25 10:40:00,238.6,0.02097149937215575,0.0,0.0,0.006895739497157584,0.0
2013-08-25 10:50:00,236.33333333333334,0.0016942623538575158,0.0,0.0,0.0011267428306521794,0.0
2013-08-25 11:00:00,235.79166666666666,0.0,0.0,0.0,3.5311028880937146e-05,0.0
2013-08-25 11:10:00,234.31666666666666,0.0,0.0,0.0,0.017381280735603365,0.0
2013-08-25 11:20:00,237.60833333333332,0.012537708176650151,0.0,0.0,0.02513824246962084,0.0
2013-08-25 11:30:00,236.375,0.002048623328458508,0.0,0.0,0.0068567597899515005,0.0
2013-08-25 11:40:00,236.14166666666668,6.420187069261298e-05,0.0,0.0,0.0,0.0
2013-08-25 11:50:00,239.85,0.031602328610187934,0.0,0.0,0.014769640352793439,0.0
2013-08-25 12:00:00,241.50833333333333,0.045705895399310616,0.0,0.0,0.009936156659234814,0.0
2013-08-25 12:10:00,237.6,0.01246683598173,0.0,0.0,0.007597374226867734,0.0
2013-08-25 12:20:00,235.08333333333334,0.0,0.0,0.0,0.0,0.0
2013-08-25 12:30:00,239.29166666666666,0.026853891550533523,0.0,0.0,0.006116145353035268,0.0
2013-08-25 12:40:00,238.25833333333333,0.018065739380426934,0.0,0.0,0.0150035185960302,0.0
2013-08-25 12:50:00,237.75833333333333,0.01381340768521406,0.0,0.0,0.012119020262777433,0.0
2013-08-25 13:00:00,235.34166666666667,0.0,0.0,0.0,0.00997513636644103,0.0
2013-08-25 13:10:00,237.44166666666666,0.01112026427824594,0.0,0.0,0.011066568168212273,0.0
2013-08-25 13:20:00,239.34166666666667,0.027279124720054906,0.0,0.0,0.0061941047674475645,0.0
2013-08-25 13:30:00,238.725,0.022034582295958966,0.0,0.0,0.008961663979081954,0.0
2013-08-25 13:40:00,238.26666666666668,0.018136611575347326,0.0,0.0,0.005258591794500654,0.0
2013-08-25 13:50:00,238.5,0.02012103303311322,0.0,0.0,0.0,0.0
2013-08-25 14:00:00,237.45833333333334,0.01126200866808648,0.0,0.0,0.007207577154806642,0.0
2013-08-25 14:10:00,238.05,0.016293934507421733,0.0,0.0,0.0,0.0
2013-08-25 14:20:00,237.25833333333333,0.009561075990001187,0.0,0.0,0.0,0.0
2013-08-25 14:30:00,234.175,0.0,0.0,0.0,0.0024520528756601834,0.0
2013-08-25 14:40:00,237.675,0.013104685736012076,0.0,0.0,0.0,0.0
2013-08-25 14:50:00,234.60833333333332,0.0,0.0,0.0,0.0,0.0
2013-08-25 15:00:00,234.25833333333333,0.0,0.0,0.0,0.0,0.0
2013-08-25 15:10:00,236.65833333333333,0.004458277955745787,0.0,0.0,0.0026859311188969443,0.0
2013-08-25 15:20:00,231.8,0.0,0.0,0.0,0.0,0.0
2013-08-25 15:30:00,232.46666666666667,0.0,0.0,0.0,0.0,0.0
2013-08-25 15:40:00,233.36666666666667,0.0,0.0,0.0,0.0,0.0
2013-08-25 15:50:00,236.70833333333334,0.004883511125267171,0.0,0.0,0.0,0.0
2013-08-25 16:00:00,229.9,0.0,0.0,0.0,0.002179194925217339,0.0
2013-08-25 16:10:00,231.93333333333334,0.0,0.0,0.0,0.0,0.0
2013-08-25 16:20:00,230.125,0.0,0.0,0.0,0.0,0.0
2013-08-25 16:30:00,234.8,0.0,0.0,0.0,0.0,0.0
2013-08-25 16:40:00,236.6,0.003962172591304253,0.0,0.0,0.0,0.0
2013-08-25 16:50:00,232.525,0.0,0.0,0.0,0.0,0.0
2013-08-25 17:00:00,230.325,0.0,0.0,0.0,0.0,0.0
2013-08-25 17:10:00,232.71666666666667,0.0,0.0,0.0,0.00939044075834926,0.0
2013-08-25 17:20:00,232.96491228070175,0.0,0.0,0.0,0.009195542222318581,0.0
2013-08-25 17:30:00,232.22222222222223,0.0,0.0,0.0,0.0046738961864088826,0.0
2013-08-25 17:40:00,234.825,0.0,0.0,0.0,0.004907774429645645,0.0
2013-08-25 17:50:00,238.14166666666668,0.017073528651544108,0.0,0.0,0.009936156659234814,0.0
2013-08-25 18:00:00,238.1,0.016719167676942873,0.0,0.0,0.0026859311188969443,0.0
2013-08-25 18:10:00,237.13333333333333,0.008497993066197968,0.0,0.0,0.016328828641038205,0.0
2013-08-25 18:20:00,237.18333333333334,0.008923226235719353,0.0,0.0,0.023228236816521065,0.0
2013-08-25 18:30:00,238.25833333333333,0.018065739380426934,0.0,0.0,0.009624319001585887,0.0
2013-08-25 18:40:00,236.70833333333334,0.004883511125267171,0.0,0.0,0.01488657947441182,0.0
2013-08-25 18:50:00,239.625,0.029688779347342188,0.0,0.0,0.020655576140917356,0.0
2013-08-25 19:00:00,241.1,0.04223315784822011,0.0,0.0,0.02665845105065952,0.0
2013-08-25 19:10:00,238.19166666666666,0.01749876182106525,0.0,0.0,0.009702278415998187,0.0
2013-08-25 19:20:00,239.31666666666666,0.027066508135294216,0.0,0.0,0.0012047022450644776,0.0
2013-08-25 19:30:00,240.55,0.0375555929834861,0.0,0.0,0.00997513636644103,0.0
2013-08-25 19:40:00,241.83333333333334,0.04846991100119913,0.0,0.0,0.024397628032704607,0.0
2013-08-25 19:50:00,238.20833333333334,0.017640506210905793,0.0,0.0,0.015159437424854663,0.0
2013-08-25 20:00:00,236.39166666666668,0.00219036771829905,0.0,0.0,0.01371718825822828,0.0
2013-08-25 20:10:00,238.26666666666668,0.018136611575347326,0.0,0.0,0.0,0.0
2013-08-25 20:20:00,241.35,0.044359323695826555,0.0,0.0,0.01488657947441182,0.0
2013-08-25 20:30:00,239.375,0.02756261349973575,0.0,0.0,0.019953941411207207,0.0
2013-08-25 20:40:00,239.06666666666666,0.02494034228768778,0.0,0.0,0.025878856906537073,0.0
2013-08-25 20:50:00,235.70833333333334,0.0,0.0,0.0,0.01905740814546651,0.0
2013-08-25 21:00:00,239.31666666666666,0.027066508135294216,0.0,0.0,0.0150035185960302,0.0
2013-08-25 21:10:00,240.4,0.03627989347492219,0.0,0.0,0.004362058528759957,0.0
2013-08-25 21:20:00,241.66666666666666,0.047052467102794676,0.0,0.0,0.017264341613984983,0.0
2013-08-25 21:30:00,240.20833333333334,0.034649832991757286,0.0,0.0,0.0034265455558131776,0.0
2013-08-25 21:40:00,239.34166666666667,0.027279124720054906,0.0,0.0,0.013795147672640578,0.0
2013-08-25 21:50:00,237.06666666666666,0.007931015506836284,0.0,0.0,0.008727785735845192,0.0
2013-08-25 22:00:00,239.825,0.03138971202542724,0.0,0.0,0.0,0.0
2013-08-25 22:10:00,236.86666666666667,0.006230082828751231,0.0,0.0,0.0047908353080272645,0.0
2013-08-25 22:20:00,239.08333333333334,0.02508208667752832,0.0,0.0,0.0,0.0
2013-08-25 22:30:00,238.0,0.01586870133790035,0.0,0.0,0.008922684271875737,0.0
2013-08-25 22:40:00,232.55833333333334,0.0,0.0,0.0,0.01827781400134406,0.0
2013-08-25 22:50:00,237.15833333333333,0.008710609650958661,0.0,0.0,0.0,0.0
2013-08-25 23:00:00,235.675,0.0,0.0,0.0,0.0,0.0
2013-08-25 23:10:00,238.04166666666666,0.01622306231250134,0.0,0.0,0.0,0.0
2013-08-25 23:20:00,240.04166666666666,0.033232389093352833,0.0,0.0,0.0030757281909580356,0.0
2013-08-25 23:30:00,236.08333333333334,0.0,0.0,0.0,0.0,0.0
2013-08-25 23:40:00,235.75833333333333,0.0,0.0,0.0,0.0,0.0
2013-08-25 23:50:00,235.55,0.0,0.0,0.0,0.0020622558035989585,0.0
2013-08-26 00:00:00,236.79166666666666,0.005592233074469155,0.0,0.0,0.0,0.0
2013-08-26 00:10:00,234.975,0.0,0.0,0.0,0.0,0.0
2013-08-26 00:20:00,235.775,0.0,0.0,0.0,0.0,0.0
2013-08-26 00:30:00,236.575,0.0037495560065435606,0.0,0.0,0.0,0.0
2013-08-26 00:40:00,235.65,0.0,0.0,0.0,0.0,0.0
2013-08-26 00:50:00,236.13333333333333,0.0,0.0,0.0,0.0,0.0
2013-08-26 01:00:00,233.76666666666668,0.0,0.0,0.0,0.0,0.0
2013-08-26 01:10:00,232.2,0.0,0.0,0.0,0.0,0.0
2013-08-26 01:20:00,232.79166666666666,0.0,0.0,0.0,0.0,0.0
2013-08-26 01:30:00,234.53333333333333,0.0,0.0,0.0,0.0,0.0
2013-08-26 01:40:00,235.04166666666666,0.0,0.0,0.0,0.0,0.0
2013-08-26 01:50:00,233.99166666666667,0.0,0.0,0.0,0.0,0.0
2013-08-26 02:00:00,233.40833333333333,0.0,0.0,0.0,0.0,0.0
2013-08-26 02:10:00,235.35,0.0,0.0,0.0,0.0005030675153543268,0.0
2013-08-26 02:20:00,233.21666666666667,0.0,0.0,0.0,0.010053095780853196,0.0
2013-08-26 02:30:00,231.69166666666666,0.0,0.0,0.0,0.0016724587315378669,0.0
2013-08-26 02:40:00,233.90833333333333,0.0,0.0,0.0,0.0,0.0
2013-08-26 02:50:00,236.24166666666667,0.0009146682097351394,0.0,0.0,0.0,0.0
2013-08-26 03:00:00,238.28333333333333,0.018278355965187627,0.0,0.0,0.0031926673125764163,0.0
2013-08-26 03:10:00,236.49166666666667,0.003040834057341576,0.0,0.0,0.005648388866561878,0.0
2013-08-26 03:20:00,234.41666666666666,0.0,0.0,0.0,0.006505942425096492,0.0
2013-08-26 03:30:00,235.94166666666666,0.0,0.0,0.0,0.0,0.0
2013-08-26 03:40:00,236.81666666666666,0.005804849659229848,0.0,0.0,0.0,0.0
2013-08-26 03:50:00,237.34166666666667,0.010269797939203414,0.0,0.0,0.00510267296567619,0.0
2013-08-26 04:00:00,237.525,0.011828986227448166,0.0,0.0,0.0,0.0
2013-08-26 04:10:00,236.08333333333334,0.0,0.0,0.0,0.0,0.0
2013-08-26 04:20:00,233.775,0.0,0.0,0.0,0.0,0.0
2013-08-26 04:30:00,237.225,0.009277587210320345,0.0,0.0,0.0,0.0
2013-08-26 04:40:00,234.1,0.0,0.0,0.0,0.0,0.0
2013-08-26 04:50:00,233.14166666666668,0.0,0.0,0.0,0.018160874879725813,0.0
2013-08-26 05:00:00,235.06666666666666,0.0,0.0,0.0,0.009234521929524663,0.0
2013-08-26 05:10:00,234.375,0.0,0.0,0.0,0.0,0.0
2013-08-26 05:20:00,233.275,0.0,0.0,0.0,0.002607971704484646,0.0
2013-08-26 05:30:00,240.01666666666668,0.033019772508592386,0.0,0.0,0.0015555196099194864,0.0
2013-08-26 05:40:00,238.10833333333332,0.016790039871863022,0.0,0.0,0.0,0.0
2013-08-26 05:50:00,235.59166666666667,0.0,0.0,0.0,0.0,0.0
2013-08-26 06:00:00,236.69166666666666,0.004741766735426629,0.0,0.0,0.0,0.0
2013-08-26 06:10:00,236.46666666666667,0.002828217472580884,0.0,0.0,0.0,0.0
2013-08-26 06:20:00,235.375,0.0,0.0,0.0,0.0,0.0
2013-08-26 06:30:00,232.575,0.0,0.0,0.0,0.0,0.0
2013-08-26 06:40:00,232.775,0.0,0.0,0.0,0.0,0.0
2013-08-26 06:50:00,234.01666666666668,0.0,0.0,0.0,0.0,0.0
2013-08-26 07:00:00,233.925,0.0,0.0,0.0,0.0,0.0
2013-08-26 07:10:00,232.125,0.0,0.0,0.0,0.0,0.0
2013-08-26 07:20:00,232.45,0.0,0.0,0.0,0.0,0.0
2013-08-26 07:30:00,232.15,0.0,0.0,0.0,0.0,0.0
2013-08-26 07:40:00,233.64166666666668,0.0,0.0,0.0,0.0,0.0
2013-08-26 07:50:00,234.4,0.0,0.0,0.0,0.0,0.0
2013-08-26 08:00:00,235.05833333333334,0.0,0.0,0.0,0.0,0.0
2013-08-26 08:10:00,233.3,0.0,0.0,0.0,0.0,0.0
2013-08-26 08:20:00,233.54166666666666,0.0,0.0,0.0,0.0,0.0
2013-08-26 08:30:00,234.90833333333333,0.0,0.0,0.0,0.0029977687765458706,0.0
2013-08-26 08:40:00,236.00833333333333,0.0,0.0,0.0,0.013639228843816114,0.0
2013-08-26 08:50:00,236.1,0.0,0.0,0.0,0.0,0.0
2013-08-26 09:00:00,232.85833333333332,0.0,0.0,0.0,0.0,0.0
2013-08-26 09:10:00,236.775,0.005450488684628855,0.0,0.0,0.0,0.0
2013-08-26 09:20:00,239.05,0.02479859789784748,0.0,0.0,0.0,0.0
2013-08-26 09:30:00,235.55833333333334,0.0,0.0,0.0,0.0,0.0
2013-08-26 09:40:00,234.31666666666666,0.0,0.0,0.0,0.0,0.0
2013-08-26 09:50:00,235.28333333333333,0.0,0.0,0.0,0.010247994316883741,0.0
2013-08-26 10:00:00,233.79166666666666,0.0,0.0,0.0,0.003309606434194797,0.0
2013-08-26 10:10:00,235.18333333333334,0.0,0.0,0.0,0.0,0.0
2013-08-26 10:20:00,236.11666666666667,0.0,0.0,0.0,0.0028028702405151922,0.0
2013-08-26 10:30:00,238.325,0.01863271693978862,0.0,0.0,0.0,0.0
2013-08-26 10:40:00,236.84166666666667,0.0060174662439905395,0.0,0.0,0.0,0.0
2013-08-26 10:50:00,234.24166666666667,0.0,0.0,0.0,0.003309606434194797,0.0
2013-08-26 11:00:00,236.73333333333332,0.0050961277100276215,0.0,0.0,0.0,0.0
2013-08-26 11:10:00,230.11666666666667,0.0,0.0,0.0,0.0,0.0
2013-08-26 11:20:00,234.775,0.0,0.0,0.0,0.0,0.0
2013-08-26 11:30:00,236.84166666666667,0.0060174662439905395,0.0,0.0,0.00802615100613504,0.0
2013-08-26 11:40:00,234.53333333333333,0.0,0.0,0.0,0.00346552526301926,0.0
2013-08-26 11:50:00,234.19166666666666,0.0,0.0,0.0,0.0004640878081481112,0.0
2013-08-26 12:00:00,235.0,0.0,0.0,0.0,0.006077165645829184,0.0
2013-08-26 12:10:00,237.85,0.014593001829336438,0.0,0.0,0.012352898506014193,0.0
2013-08-26 12:20:00,236.875,0.006300955023671381,0.0,0.0,0.005414510623325116,0.0
2013-08-26 12:30:00,236.23333333333332,0.0008437960148147476,0.0,0.0,0.0,0.0
2013-08-26 12:40:00,237.43333333333334,0.011049392083325789,0.0,0.0,0.0,0.0
2013-08-26 12:50:00,238.775,0.02245981546548035,0.0,0.0,0.0091565625151125,0.0
2013-08-26 13:00:00,237.29166666666666,0.009844564769682028,0.0,0.0,0.012391878213220275,0.0
2013-08-26 13:10:00,233.975,0.0,0.0,0.0,0.014029025915877206,0.0
2013-08-26 13:20:00,233.58333333333334,0.0,0.0,0.0,0.024397628032704607,0.0
2013-08-26 13:30:00,238.09166666666667,0.016648295482022724,0.0,0.0,0.1985589598296398,0.0
2013-08-26 13:40:00,238.78333333333333,0.0225306876604005,0.0,0.0,0.4442480543498018,1.0
2013-08-26 13:50:00,239.13333333333333,0.025507319847049462,0.0,0.0,0.4006687416933619,1.0
2013-08-26 14:00:00,241.35,0.044359323695826555,1.0,1.0,0.8815796495078133,1.0
2013-08-26 14:10:00,278.5833333333333,0.3610162905993451,1.0,1.0,0.8227592713337812,1.0
2013-08-26 14:20:00,331.10833333333335,0.8077237351814578,1.0,1.0,0.7328720665164732,1.0
2013-08-26 14:30:00,321.7916666666667,0.7284886212606579,1.0,1.0,0.6841864122160316,1.0
2013-08-26 14:40:00,328.4,0.7846902718323877,1.0,1.0,0.6182717273304862,1.0
2013-08-26 14:50:00,315.825,0.6777441296977841,1.0,1.0,0.5489268282108024,1.0
2013-08-26 15:00:00,296.60833333333335,0.5143128482117695,1.0,1.0,0.5131824367027921,1.0
2013-08-26 15:10:00,286.2,0.42579347675642126,1.0,1.0,0.5030087331219952,1.0
2013-08-26 15:20:00,272.10833333333335,0.30594859514633865,0.0,1.0,0.13566276341527272,1.0
2013-08-26 15:30:00,257.28333333333336,0.17986696038327707,0.0,0.0,0.12243159165609145,1.0
2013-08-26 15:40:00,249.64166666666668,0.1148771576414402,0.0,0.0,0.11116645627352323,0.0
2013-08-26 15:50:00,247.46666666666667,0.0963795147672641,0.0,0.0,0.16468559426752322,0.0
2013-08-26 16:00:00,243.75833333333333,0.06484138802776855,0.0,1.0,0.5365300723229903,1.0
2013-08-26 16:10:00,262.30833333333334,0.22260289392016624,1.0,1.0,0.9811338217122387,1.0
2013-08-26 16:20:00,259.9,0.20212082958822403,1.0,1.0,0.9603186580641718,1.0
2013-08-26 16:30:00,271.34166666666664,0.29942835321367856,1.0,1.0,0.9711550166674726,1.0
2013-08-26 16:40:00,329.4583333333333,0.793691040587255,1.0,1.0,1.0,1.0
2013-08-26 16:50:00,349.68333333333334,0.9656978576586159,1.0,1.0,1.0,1.0
2013-08-26 17:00:00,345.23333333333335,0.9278521055712214,1.0,1.0,1.0,1.0
2013-08-26 17:10:00,347.55,0.9475545757590411,1.0,1.0,1.0,1.0
2013-08-26 17:20:00,365.275,1.0,1.0,1.0,0.8315297054551577,1.0
2013-08-26 17:30:00,369.03333333333336,1.0,0.0,1.0,0.3707493775753704,1.0
2013-08-26 17:40:00,361.9583333333333,1.0,0.0,1.0,0.31122736467162837,1.0
2013-08-26 17:50:00,354.575,1.0,0.0,1.0,0.24324675530415843,1.0
2013-08-26 18:00:00,317.7,0.6936903735548323,0.0,1.0,0.2342424429395451,0.0
2013-08-26 18:10:00,294.01666666666665,0.4922715955915825,0.0,1.0,0.21124441568793567,0.0
2013-08-26 18:20:00,281.2916666666667,0.3840497539484152,0.0,0.0,0.11023094330057645,0.0
2013-08-26 18:30:00,266.7583333333333,0.26044864600756074,0.0,0.0,0.3072414707397889,0.0
2013-08-26 18:40:00,264.8333333333333,0.24407716898099108,0.0,0.0,0.55,1.0
2013-08-26 18:50:00,259.9166666666667,0.2022625739780648,0.0,0.0,0.55,1.0
2013-08-26 19:00:00,259.7,0.20041989691013898,0.0,0.0,0.55,1.0
2013-08-26 19:10:00,301.8181818181818,0.5586208558905252,0.0,1.0,0.65,1.0
2013-08-26 19:20:00,417.05833333333334,1.0,0.0,1.0,0.6390856819822868,1.0
2013-08-26 19:30:00,409.8333333333333,1.0,0.0,1.0,0.588256143785509,1.0
2013-08-26 19:40:00,404.0083333333333,1.0,0.0,1.0,0.5454954049803975,1.0
2013-08-26 19:50:00,367.2416666666667,1.0,0.0,1.0,0.5230430936296735,1.0
2013-08-26 20:00:00,351.3833333333333,0.9801557854223396,0.0,1.0,0.5191451229090618,1.0
2013-08-26 20:10:00,340.51666666666665,0.8877384432463797,0.0,0.0,0.3941201508827339,1.0
2013-08-26 20:20:00,331.375,0.8099916454189044,0.0,0.0,0.3920932061080158,1.0
2013-08-26 20:30:00,326.575,0.7691692611448608,0.0,0.0,0.5469595828379227,1.0
2013-08-26 20:40:00,325.7416666666667,0.7620820416528395,0.0,0.0,0.55,1.0
2013-08-26 20:50:00,320.39166666666665,0.7165820925140616,0.0,0.0,0.55,1.0
2013-08-26 21:00:00,319.9583333333333,0.7128967383782104,0.0,0.0,0.5413075252930356,1.0
2013-08-26 21:10:00,353.06666666666666,0.994471968796223,0.0,1.0,0.6344081171175526,1.0
2013-08-26 21:20:00,384.325,1.0,0.0,1.0,0.6089933480191637,1.0
2013-08-26 21:30:00,364.45,1.0,0.0,1.0,0.5938692216231899,1.0
2013-08-26 21:40:00,351.85833333333335,0.984195500532792,0.0,1.0,0.5957792272762897,1.0
2013-08-26 21:50:00,350.3833333333333,0.9716511220319138,0.0,0.0,0.5118388666452104,1.0
2013-08-26 22:00:00,344.95,0.925442450943934,0.0,0.0,0.5302372884464981,1.0
2013-08-26 22:10:00,341.71666666666664,0.8979440393148905,0.0,0.0,0.5140996896631653,1.0
2013-08-26 22:20:00,342.125,0.9014167768659813,0.0,0.0,0.5205703210593808,1.0
2013-08-26 22:30:00,345.55833333333334,0.9306161211731098,0.0,0.0,0.49558432874025904,1.0
2013-08-26 22:40:00,349.4916666666667,0.964067797175451,0.0,0.0,0.4994043400464586,1.0
2013-08-26 22:50:00,346.0416666666667,0.9347267084784823,0.0,0.0,0.5248191091448475,1.0
2013-08-26 23:00:00,347.425,0.9464914928352378,0.0,0.0,0.5133200955190428,1.0
2013-08-26 23:10:00,342.0833333333333,0.90106241589138,0.0,0.0,0.47929081112810196,1.0
2013-08-26 23:20:00,342.9,0.908007890993561,0.0,0.0,0.5418922209011274,1.0
2013-08-26 23:30:00,348.3333333333333,0.9542165620815409,0.0,0.0,0.55,1.0
2013-08-26 23:40:00,345.875,0.9333092645800778,0.0,0.0,0.55,1.0
2013-08-26 23:50:00,338.6,0.8714378384147308,0.0,0.0,0.55,1.0
2013-08-27 00:00:00,351.98333333333335,0.9852585834565952,0.0,1.0,0.65,1.0
2013-08-27 00:10:00,412.53333333333336,1.0,0.0,1.0,0.65,1.0
2013-08-27 00:20:00,419.7083333333333,1.0,0.0,1.0,0.65,1.0
2013-08-27 00:30:00,385.40833333333336,1.0,0.0,1.0,0.5341523101834171,1.0
2013-08-27 00:40:00,356.875,1.0,0.0,1.0,0.595194531668198,1.0
2013-08-27 00:50:00,363.18333333333334,1.0,0.0,1.0,0.6143335679064018,1.0
2013-08-27 01:00:00,353.95,1.0,1.0,1.0,0.963086217275806,1.0
2013-08-27 01:10:00,328.95,0.789367836697122,0.0,1.0,0.49606913624303983,1.0
2013-08-27 01:20:00,342.0,0.9003536939421781,1.0,1.0,0.7651082843759328,1.0
2013-08-27 01:30:00,346.09166666666664,0.9351519416480032,1.0,1.0,0.703091570210999,1.0
2013-08-27 01:40:00,345.825,0.9328840314105564,1.0,1.0,0.6509757016764193,1.0
2013-08-27 01:50:00,320.80833333333334,0.7201257022600724,1.0,1.0,0.5936365523762195,1.0
2013-08-27 02:00:00,303.5,0.5729241534107868,0.0,1.0,0.21163421275999675,1.0
2013-08-27 02:10:00,290.2416666666667,0.4601664912927255,0.0,0.0,0.06287059904514306,1.0
2013-08-27 02:20:00,279.1,0.36541036668439875,0.0,0.0,0.06202844083315212,0.0
2013-08-27 02:30:00,266.84166666666664,0.2611573679567627,0.0,0.0,0.05476281994627057,0.0
2013-08-27 02:40:00,260.0,0.2029712959272668,0.0,0.0,0.03967767325750293,0.0
2013-08-27 02:50:00,249.575,0.11431018008207827,0.0,0.0,0.03780664731160924,0.0
2013-08-27 03:00:00,249.39495798319328,0.11277898333300385,0.0,0.0,0.04466707577988602,0.0
2013-08-27 03:10:00,247.84166666666667,0.09956876353867376,0.0,0.0,0.027204166951545074,0.0
2013-08-27 03:20:00,244.61666666666667,0.07214122410455077,0.0,0.0,0.03492214897835647,0.0
2013-08-27 03:30:00,244.21666666666667,0.06873935874838043,0.0,0.0,0.04528354476275919,0.0
2013-08-27 03:40:00,245.68333333333334,0.08121286505433821,0.0,0.0,0.05066995068962818,0.0
2013-08-27 03:50:00,241.95,0.04946212173008195,0.0,0.0,0.062441822265875746,0.0
2013-08-27 04:00:00,243.6,0.06349481632428448,0.0,0.0,0.05866079066688242,0.0
2013-08-27 04:10:00,245.81512605042016,0.08233371775047126,0.0,0.0,0.07054960136474837,0.0
2013-08-27 04:20:00,246.96666666666667,0.09212718307205123,0.0,0.0,0.06606693503604476,0.0
2013-08-27 04:30:00,249.48333333333332,0.1135305859379559,0.0,0.0,0.07004286517106877,0.0
2013-08-27 04:40:00,248.675,0.1066559830306953,0.0,0.0,0.06630081327928151,0.0
2013-08-27 04:50:00,251.21666666666667,0.12827200248136067,0.0,0.0,0.05125824946393222,0.0
2013-08-27 05:00:00,250.25833333333333,0.12012170006553591,0.0,0.0,0.05016321449594858,0.0
2013-08-27 05:10:00,251.10833333333332,0.12735066394739775,0.0,0.0,0.051683423076987256,0.0
2013-08-27 05:20:00,250.30833333333334,0.12054693323505729,0.0,0.0,0.053359550486850274,0.0
2013-08-27 05:30:00,247.0924369747899,0.09319681720714948,0.0,0.0,0.055542414090392886,0.0
2013-08-27 05:40:00,246.85833333333332,0.09120584453808832,0.0,0.0,0.05873875008129459,0.0
2013-08-27 05:50:00,247.18333333333334,0.09396986013997682,0.0,0.0,0.03647871678208316,0.0
2013-08-27 06:00:00,247.54166666666666,0.09701736452154594,0.0,0.0,0.06006406012630259,0.0
2013-08-27 06:10:00,248.00833333333333,0.10098620743707797,0.0,0.0,0.05413914463097272,0.0
2013-08-27 06:20:00,248.69166666666666,0.1067977274205356,0.0,0.0,0.05172240278419334,0.0
2013-08-27 06:30:00,243.9327731092437,0.06632493960378756,0.0,0.0,0.06747020449546505,0.0
2013-08-27 06:40:00,248.975,0.10920738204782288,0.0,0.0,0.05998610071189042,0.0
2013-08-27 06:50:00,247.70833333333334,0.09843480841995039,0.0,0.0,0.04357564397811464,0.0
2013-08-27 07:00:00,247.19166666666666,0.09404073233489697,0.0,0.0,0.057647318279523345,0.0
2013-08-27 07:10:00,250.55833333333334,0.12267309908266372,0.0,0.0,0.04111992242412931,0.0
2013-08-27 07:20:00,248.95833333333334,0.10906563765798258,0.0,0.0,0.04198173427000575,0.0
2013-08-27 07:30:00,245.45,0.07922844359657207,0.0,0.0,0.043497684563702475,0.0
2013-08-27 07:40:00,248.45833333333334,0.1048133059627697,0.0,0.0,0.023812932424612836,0.0
2013-08-27 07:50:00,244.925,0.07476349531659875,0.0,0.0,0.018199854586931897,0.0
2013-08-27 08:00:00,245.109243697479,0.07633042594546499,0.0,0.0,0.01324943177175489,0.0
2013-08-27 08:10:00,245.43333333333334,0.07908669920673177,0.0,0.0,0.011557909015348204,0.0
2013-08-27 08:20:00,241.225,0.043296240772023334,0.0,0.0,0.0,0.0
2013-08-27 08:30:00,240.025,0.033090644703512535,0.0,0.0,0.0,0.0
2013-08-27 08:40:00,238.96666666666667,0.024089875948645253,0.0,0.0,0.020559273334878666,0.0
2013-08-27 08:50:00,238.60504201680672,0.021014380027905823,0.0,0.0,0.007155495025010185,0.0
2013-08-27 09:00:00,234.125,0.0,0.0,0.0,0.0,0.0
2013-08-27 09:10:00,235.65833333333333,0.0,0.0,0.0,0.0,0.0
2013-08-27 09:20:00,240.52941176470588,0.037380496972506665,0.0,0.0,0.0,0.0
2013-08-27 09:30:00,237.6638655462185,0.013009990954563972,0.0,0.0,0.003387565848606962,0.0
2013-08-27 09:40:00,236.01666666666668,0.0,0.0,0.0,0.005150824368695602,0.0
2013-08-27 09:50:00,235.73333333333332,0.0,0.0,0.0,0.015881708470144505,0.0
2013-08-27 10:00:00,236.075,0.0,0.0,0.0,0.0,0.0
2013-08-27 10:10:00,236.85833333333332,0.006159210633830839,0.0,0.0,0.004712875893615099,0.0
2013-08-27 10:20:00,237.23529411764707,0.009365135215810184,0.0,0.0,0.024592526568735285,0.0
2013-08-27 10:30:00,239.52941176470588,0.028875833582080915,0.0,0.0,0.02470946569035353,0.0
2013-08-27 10:40:00,235.95,0.0,0.0,0.0,0.02607375544256775,0.0
2013-08-27 10:50:00,237.14166666666668,0.00856886526111836,0.0,0.0,0.020913038744816526,0.0
2013-08-27 11:00:00,241.39166666666668,0.044713684670427786,0.0,0.0,0.00809886945151119,0.0
2013-08-27 11:10:00,241.41666666666666,0.044926301255188233,0.0,0.0,0.007480435105249353,0.0
2013-08-27 11:20:00,241.70833333333334,0.04740682807739591,0.0,0.0,0.0194472052175276,0.0
2013-08-27 11:30:00,240.60504201680672,0.038023706808757315,0.0,0.0,0.017732098100458508,0.0
2013-08-27 11:40:00,237.8655462184874,0.014725217184565797,0.0,0.0,0.0401342926847746,0.0
2013-08-27 11:50:00,237.73333333333332,0.013600791100453369,0.0,0.0,0.026346613393010598,0.0
2013-08-27 12:00:00,240.29166666666666,0.03535855494095927,0.0,0.0,0.026775390172277768,0.0
2013-08-27 12:10:00,239.925,0.03224017836447001,0.0,0.0,0.035350925757623775,0.0
2013-08-27 12:20:00,244.71428571428572,0.07297144124504472,0.0,0.0,0.07327818086917667,0.0
2013-08-27 12:30:00,241.76666666666668,0.04790293344183744,0.0,0.0,0.05916752686056189,0.0
2013-08-27 12:40:00,241.85833333333332,0.048682527585959576,0.0,0.0,0.06061337919340054,0.0
2013-08-27 12:50:00,243.69166666666666,0.06427441046840686,0.0,0.0,0.07122634149153688,0.0
2013-08-27 13:00:00,251.8,0.13323305612577577,1.0,0.0,0.4043340431670033,1.0
2013-08-27 13:10:00,248.78333333333333,0.10757732156465798,1.0,0.0,0.40293077370758296,1.0
2013-08-27 13:20:00,249.0924369747899,0.11020614398800098,0.6076330532212886,0.0,0.2651090361245095,1.0
2013-08-27 13:30:00,251.3613445378151,0.12950243907552159,0.0,0.0,0.03828685109954345,1.0
2013-08-27 13:40:00,247.75,0.09878916939455139,0.0,0.0,0.057218541500256036,0.0
2013-08-27 13:50:00,247.45,0.09623777037742356,0.0,0.0,0.20483469268982496,0.0
2013-08-27 14:00:00,247.34453781512605,0.09534084999465182,0.0,0.0,0.3959911768286277,1.0
2013-08-27 14:10:00,244.31932773109244,0.06961245654462445,0.0,0.0,0.37896294086971966,1.0
2013-08-27 14:20:00,248.36666666666667,0.10403371181864733,1.0,0.0,0.6207103978681643,1.0
2013-08-27 14:30:00,279.925,0.3724267139814999,1.0,0.0,0.5473116091990441,1.0
2013-08-27 14:40:00,320.7916666666667,0.7199839578702322,1.0,0.0,0.4791652541858071,1.0
2013-08-27 14:50:00,317.1512605042017,0.6890235288540357,1.0,0.0,0.465329095930459,1.0
2013-08-27 15:00:00,294.0083333333333,0.4922007233966623,1.0,0.0,0.4314639193824614,1.0
2013-08-27 15:10:00,278.31666666666666,0.3587483803618984,0.0,0.0,0.08140692384419361,1.0
2013-08-27 15:20:00,263.74789915966386,0.23484591670146743,0.0,0.0,0.08100237205288802,1.0
2013-08-27 15:30:00,260.78991596638656,0.20968926532810733,0.0,0.0,0.07901017984748647,0.0
2013-08-27 15:40:00,253.55,0.1481162170590208,0.0,0.0,0.09201222455623903,0.0
2013-08-27 15:50:00,253.53781512605042,0.14801258880762475,0.0,0.0,0.09095858991251637,0.0
2013-08-27 16:00:00,253.4513274336283,0.14727704009616002,0.0,0.0,0.09779641670182494,0.0
2013-08-27 16:10:00,253.02542372881356,0.14365487244997538,0.0,0.0,0.09960618882210896,0.0
2013-08-27 16:20:00,255.8050847457627,0.16729495373861641,0.0,0.0,0.09500723849291653,0.0
2013-08-27 16:30:00,255.57983193277312,0.1653792543863934,0.0,0.0,0.08762271312102808,0.0
2013-08-27 16:40:00,257.0416666666667,0.1778116667305908,0.0,0.0,0.08867516521559324,0.0
2013-08-27 16:50:00,257.42857142857144,0.18110216149474356,0.0,0.0,0.10184670308504884,0.0
2013-08-27 17:00:00,256.4453781512605,0.1727404336234846,0.0,0.0,0.10949032886366035,0.0
2013-08-27 17:10:00,254.86666666666667,0.1593140238564147,0.0,0.0,0.09031231291825018,0.0
2013-08-27 17:20:00,255.09166666666667,0.16122757311926042,0.0,0.0,0.10216214390891017,0.0
2013-08-27 17:30:00,257.9075630252101,0.18517582379099787,0.0,0.0,0.14176552643032594,0.0
2013-08-27 17:40:00,259.5416666666667,0.19907332520665516,0.0,0.0,0.18164176690218456,0.0
2013-08-27 17:50:00,255.44166666666666,0.1642042053059094,0.0,0.0,0.21808779313990498,0.0
2013-08-27 18:00:00,257.975,0.18574935256165484,0.0,0.0,0.25270177313893794,0.0
2013-08-27 18:10:00,266.44166666666666,0.2577555026005926,0.0,0.0,0.3090664297589844,0.0
2013-08-27 18:20:00,274.96666666666664,0.3302577580039719,0.0,0.0,0.30154334626820384,0.0
2013-08-27 18:30:00,282.7583333333333,0.3965232602543727,0.0,0.0,0.3336236452988387,0.0
2013-08-27 18:40:00,290.15833333333336,0.4594577693435235,0.0,0.0,0.35841473908192983,1.0
2013-08-27 18:50:00,302.2083333333333,0.5619389631981534,0.0,0.0,0.3503849193974697,1.0
2013-08-27 19:00:00,300.6,0.5482606295785524,0.0,0.0,0.3372487580690079,1.0
2013-08-27 19:10:00,307.4583333333333,0.6065884459978885,0.0,0.0,0.3523912278566081,1.0
2013-08-27 19:20:00,312.7583333333333,0.6516631619671451,0.0,0.0,0.36765292968977986,1.0
2013-08-27 19:30:00,311.0416666666667,0.6370634898135812,0.0,0.0,0.55,1.0
2013-08-27 19:40:00,308.23333333333335,0.6131795601254688,0.0,0.0,0.5081747741678352,1.0
2013-08-27 19:50:00,311.47058823529414,0.6407113233756511,0.0,0.0,0.48392939628562975,1.0
2013-08-27 20:00:00,314.73333333333335,0.6684598721632361,0.0,0.0,0.49308962747906765,1.0
2013-08-27 20:10:00,354.03333333333336,1.0,0.0,0.0,0.4878440725950444,1.0
2013-08-27 20:20:00,344.775,0.9239541348506093,0.0,0.0,0.520297463108938,1.0
2013-08-27 20:30:00,339.59166666666664,0.8798716296102358,0.0,0.0,0.5319134158563613,1.0
2013-08-27 20:40:00,341.55,0.8965265954164866,0.0,0.0,0.5495322435135266,1.0
2013-08-27 20:50:00,340.42857142857144,0.8869892229000806,0.0,0.0,0.55,1.0
2013-08-27 21:00:00,347.3666666666667,0.9459953874707963,0.0,0.0,0.55,1.0
2013-08-27 21:10:00,349.85,0.9671153015570204,0.0,0.0,0.55,1.0
2013-08-27 21:20:00,353.6166666666667,0.9991495336609573,0.0,0.0,0.55,1.0
2013-08-27 21:30:00,356.10833333333335,1.0,0.0,0.0,0.55,1.0
2013-08-27 21:40:00,358.0833333333333,1.0,0.0,0.0,0.55,1.0
2013-08-27 21:50:00,361.7226890756302,1.0,0.0,0.0,0.5353046503832933,1.0
2013-08-27 22:00:00,362.8333333333333,1.0,0.0,0.0,0.5289509581086961,1.0
2013-08-27 22:10:00,363.8333333333333,1.0,0.0,0.0,0.49543037527482314,1.0
2013-08-27 22:20:00,358.40833333333336,1.0,0.0,0.0,0.49146034122996496,1.0
2013-08-27 22:30:00,350.575,0.9732811825150788,0.0,0.0,0.47777060254706316,1.0
2013-08-27 22:40:00,349.21666666666664,0.9617290147430837,0.0,0.0,0.44452819822682504,1.0
2013-08-27 22:50:00,342.0504201680672,0.9007825004996783,0.0,0.0,0.4414415154309612,1.0
2013-08-27 23:00:00,341.20168067226894,0.8935642567817544,0.0,0.0,0.4250310586971856,1.0
2013-08-27 23:10:00,338.275,0.868673822812842,0.0,0.0,0.41887226495861896,1.0
2013-08-27 23:20:00,331.1682242990654,0.8082330876851364,0.0,0.0,0.4092052975715017,1.0
2013-08-27 23:30:00,330.5083333333333,0.8026209371472022,0.0,0.0,0.39953833018438445,1.0
2013-08-27 23:40:00,327.0,0.7727837430857919,0.0,0.0,0.39318463790978714,1.0
2013-08-27 23:50:00,325.68333333333334,0.761585936288398,0.0,0.0,0.37607254644630145,1.0
2013-08-28 00:00:00,323.6166666666667,0.7440096319481848,0.0,0.0,0.339275702843726,1.0
2013-08-28 00:10:00,321.55,0.7264333276079716,0.0,0.0,0.3208383013352322,1.0
2013-08-28 00:20:00,320.19166666666666,0.7148811598359766,0.0,0.0,0.2932796483405066,0.0
2013-08-28 00:30:00,316.53333333333336,0.6837682662660026,0.0,0.0,0.27289326147170706,0.0
2013-08-28 00:40:00,308.6666666666667,0.61686491426132,0.0,0.0,0.26544813739533835,0.0
2013-08-28 00:50:00,304.725,0.5833423660640585,0.0,0.0,0.2399943885897433,0.0
2013-08-28 01:00:00,298.8333333333333,0.5332357242554665,0.0,0.0,0.21087654730677308,0.0
2013-08-28 01:10:00,294.475,0.4961695663121946,0.0,0.0,0.18164176690218456,0.0
2013-08-28 01:20:00,292.8833333333333,0.48263297708243336,0.0,0.0,0.10091479327831421,0.0
2013-08-28 01:30:00,287.44166666666666,0.4363534337995333,0.0,0.0,0.07277144467549707,0.0
2013-08-28 01:40:00,281.21666666666664,0.38341190419413285,0.0,0.0,0.05113770717610157,0.0
2013-08-28 01:50:00,274.96666666666664,0.3302577580039719,0.0,0.0,0.04108094271692309,0.0
2013-08-28 02:00:00,257.7083333333333,0.18348144232420763,0.0,0.0,0.04798035089240609,0.0
2013-08-28 02:10:00,251.69166666666666,0.13231171759181284,0.0,0.0,0.041431760081778235,0.0
2013-08-28 02:20:00,247.06666666666666,0.09297764941109375,0.0,0.0,0.03328500127569954,0.0
2013-08-28 02:30:00,244.91666666666666,0.07469262312167835,0.0,0.0,0.040028490622357936,0.0
2013-08-28 02:40:00,246.39166666666668,0.08723700162255653,0.0,0.0,0.027048248122720615,0.0
2013-08-28 02:50:00,244.99166666666667,0.07533047287596042,0.0,0.0,0.03995053120794577,0.0
2013-08-28 03:00:00,243.25,0.060518184137635524,0.0,0.0,0.024397628032704607,0.0
2013-08-28 03:10:00,244.69166666666666,0.0727790738588326,0.0,0.0,0.031881731816279235,0.0
2013-08-28 03:20:00,241.91666666666666,0.04917863295040111,0.0,0.0,0.020967413798566283,0.0
2013-08-28 03:30:00,244.675,0.0726373294689923,0.0,0.0,0.021435170285039672,0.0
2013-08-28 03:40:00,241.35,0.044359323695826555,0.0,0.0,0.022643541208429294,0.0
2013-08-28 03:50:00,242.95,0.0579667851205077,0.0,0.0,0.029971726163179464,0.0
2013-08-28 04:00:00,240.61666666666667,0.03812257054284778,0.0,0.0,0.028217639338904154,0.0
2013-08-28 04:10:00,240.71666666666667,0.03897303688189031,0.0,0.0,0.01940822551032152,0.0
2013-08-28 04:20:00,240.975,0.0411700749244169,0.0,0.0,0.02525518159123922,0.0
2013-08-28 04:30:00,242.54166666666666,0.054494047569417205,0.0,0.0,0.026346613393010598,0.0
2013-08-28 04:40:00,242.16666666666666,0.05130479879800755,0.0,0.0,0.013093512942930426,0.0
2013-08-28 04:50:00,240.28333333333333,0.03528768274603912,0.0,0.0,0.03379173746937901,0.0
2013-08-28 05:00:00,241.53333333333333,0.045918511984071306,0.0,0.0,0.03482163932010598,0.0
2013-08-28 05:10:00,241.76666666666668,0.04790293344183744,0.0,0.0,0.044238299000618715,0.0
2013-08-28 05:20:00,238.93333333333334,0.02380638716896441,0.0,0.0,0.045602588752832796,0.0
2013-08-28 05:30:00,243.35833333333332,0.0614395226715982,0.0,0.0,0.050319133324773176,0.0
2013-08-28 05:40:00,243.5785123966942,0.06331207149110177,0.0,0.0,0.04022338915838848,0.0
2013-08-28 05:50:00,245.59166666666667,0.08043327091021583,0.0,0.0,0.050358113031979256,0.0
2013-08-28 06:00:00,245.88333333333333,0.08291379773242326,0.0,0.0,0.04034032828000687,0.0
2013-08-28 06:10:00,246.89166666666668,0.0914893333177694,0.0,0.0,0.03624745902336447,0.0
2013-08-28 06:20:00,244.73333333333332,0.0731334348334336,0.0,0.0,0.03811848496925816,0.0
2013-08-28 06:30:00,246.9,0.09156020551268955,0.0,0.0,0.029737847919942835,0.0
2013-08-28 06:40:00,244.75833333333333,0.0733460514181943,0.0,0.0,0.01699148366354227,0.0
2013-08-28 06:50:00,243.88333333333333,0.06590447095157176,0.0,0.0,0.030127644992003925,0.0
2013-08-28 07:00:00,244.28333333333333,0.0693063363077421,0.0,0.0,0.022760480330047676,0.0
2013-08-28 07:10:00,242.49166666666667,0.05406881439989606,0.0,0.0,0.024046810667849597,0.0
2013-08-28 07:20:00,239.76666666666668,0.030893606660985947,0.0,0.0,0.01897944873105421,0.0
2013-08-28 07:30:00,242.575,0.054777536349098044,0.0,0.0,0.03028356382082839,0.0
2013-08-28 07:40:00,241.0,0.04138269150917759,0.0,0.0,0.009585339294379805,0.0
2013-08-28 07:50:00,241.275,0.04372147394154472,0.0,0.0,0.008727785735845192,0.0
2013-08-28 08:00:00,240.19166666666666,0.034508088601916745,0.0,0.0,0.012235959384395811,0.0
2013-08-28 08:10:00,242.60833333333332,0.05506102512877889,0.0,0.0,0.011339426118655117,0.0
2013-08-28 08:20:00,238.18333333333334,0.0174278896261451,0.0,0.0,0.015588214204121972,0.0
2013-08-28 08:30:00,238.0,0.01586870133790035,0.0,0.0,0.00580430769538634,0.0
2013-08-28 08:40:00,238.75,0.022247198880719656,0.0,0.0,0.00939044075834926,0.0
2013-08-28 08:50:00,238.55833333333334,0.020617138397554757,0.0,0.0,0.0,0.0
2013-08-28 09:00:00,239.46666666666667,0.028342207643858128,0.0,0.0,0.0,0.0
2013-08-28 09:10:00,237.375,0.010553286718884254,0.0,0.0,0.0012047022450644776,0.0
2013-08-28 09:20:00,238.14166666666668,0.017073528651544108,0.0,0.0,0.0,0.0
2013-08-28 09:30:00,234.59166666666667,0.0,0.0,0.0,0.009936156659234814,0.0
2013-08-28 09:40:00,235.81666666666666,0.0,0.0,0.0,0.0,0.0
2013-08-28 09:50:00,236.39166666666668,0.00219036771829905,0.0,0.0,0.0,0.0
2013-08-28 10:00:00,234.79166666666666,0.0,0.0,0.0,0.0,0.0
2013-08-28 10:10:00,238.25833333333333,0.018065739380426934,0.0,0.0,0.009312481343936963,0.0
2013-08-28 10:20:00,234.96666666666667,0.0,0.0,0.0,0.0,0.0
2013-08-28 10:30:00,235.025,0.0,0.0,0.0,0.0024910325828662655,0.0
2013-08-28 10:40:00,235.9,0.0,0.0,0.0,0.0,0.0
2013-08-28 10:50:00,238.125,0.016931784261703567,0.0,0.0,0.0,0.0
2013-08-28 11:00:00,235.325,0.0,0.0,0.0,0.011456365240273497,0.0
2013-08-28 11:10:00,236.66666666666666,0.004529150150665937,0.0,0.0,0.0,0.0
2013-08-28 11:20:00,234.49166666666667,0.0,0.0,0.0,0.016718625713099428,0.0
2013-08-28 11:30:00,235.2,0.0,0.0,0.0,0.001945316681980711,0.0
2013-08-28 11:40:00,238.58333333333334,0.020829754982315447,0.0,0.0,0.0002691892721175655,0.0
2013-08-28 11:50:00,235.25833333333333,0.0,0.0,0.0,0.01605597069059536,0.0
2013-08-28 12:00:00,239.70833333333334,0.030397501296544414,0.0,0.0,0.011495344947479579,0.0
2013-08-28 12:10:00,236.55,0.0035369394217831104,0.0,0.0,0.003387565848606962,0.0
2013-08-28 12:20:00,236.19166666666666,0.0004894350402137554,0.0,0.0,0.011261466704242818,0.0
2013-08-28 12:30:00,239.56666666666666,0.029192673982900652,0.0,0.0,0.03457133161350146,0.0
2013-08-28 12:40:00,238.59166666666667,0.020900627177235596,0.0,0.0,0.020577616726505057,0.0
2013-08-28 12:50:00,236.85833333333332,0.006159210633830839,0.0,0.0,0.007675333641280033,0.0
2013-08-28 13:00:00,238.54166666666666,0.020475394007714212,0.0,0.0,0.016211889519419823,0.0
2013-08-28 13:10:00,243.525,0.06285696657000266,0.0,0.0,0.017693118393252293,0.0
2013-08-28 13:20:00,240.53333333333333,0.037413848593645556,0.0,0.0,0.016445767762656584,0.0
2013-08-28 13:30:00,237.775,0.013955152075054603,0.0,0.0,0.029387030555087693,0.0
2013-08-28 13:40:00,239.6,0.029476162762581495,0.0,0.0,0.02151312969945184,0.0
2013-08-28 13:50:00,239.91666666666666,0.03216930616954962,0.0,0.0,0.0059212468170047215,0.0
2013-08-28 14:00:00,239.65,0.02990139593210288,0.0,0.0,0.007831252470104496,0.0
2013-08-28 14:10:00,242.41666666666666,0.05343096464561398,0.0,0.0,0.00978023783041035,0.0
2013-08-28 14:20:00,240.73333333333332,0.03911478127173061,0.0,0.0,0.018784550195023664,0.0
2013-08-28 14:30:00,237.4,0.010765903303644948,0.0,0.0,0.030322543528034606,0.0
2013-08-28 14:40:00,237.80833333333334,0.014238640854735444,0.0,0.0,0.02583987719933099,0.0
2013-08-28 14:50:00,238.225,0.01778225060074609,0.0,0.0,0.028100700217285907,0.0
2013-08-28 15:00:00,240.15,0.03415372762731575,0.0,0.0,0.03160887386583653,0.0
2013-08-28 15:10:00,242.61666666666667,0.05513189732369928,0.0,0.0,0.03640337785218894,0.0
2013-08-28 15:20:00,241.65833333333333,0.04698159490787452,0.0,0.0,0.04918872181579571,0.0
2013-08-28 15:30:00,242.14166666666668,0.0510921822132471,0.0,0.0,0.03702705316748692,0.0
2013-08-28 15:40:00,242.89166666666668,0.05747067975606641,0.0,0.0,0.05113770717610157,0.0
2013-08-28 15:50:00,243.91666666666666,0.0661879597312526,0.0,0.0,0.04883790445094057,0.0
2013-08-28 16:00:00,246.65,0.0894340396650831,0.0,0.0,0.0676651030314956,0.0
2013-08-28 16:10:00,244.05,0.06732191484997621,0.0,0.0,0.074057775013299,0.0
2013-08-28 16:20:00,247.06666666666666,0.09297764941109375,0.0,0.0,0.07000388546386267,0.0
2013-08-28 16:30:00,246.575,0.08879618991080103,0.0,0.0,0.0812300411392247,0.0
2013-08-28 16:40:00,250.6,0.12302746005726471,0.0,0.0,0.07967085285097993,0.0
2013-08-28 16:50:00,251.96666666666667,0.13465050002417997,0.0,0.0,0.09775743699461885,0.0
2013-08-28 17:00:00,251.1,0.12727979175247758,0.0,0.0,0.1421943032095934,0.0
2013-08-28 17:10:00,253.5,0.14769098388949944,0.0,0.0,0.17996563949232167,0.0
2013-08-28 17:20:00,253.16666666666666,0.14485609609269076,0.0,0.0,0.21146124291486484,0.0
2013-08-28 17:30:00,257.03333333333336,0.17774079453567063,0.0,0.0,0.25531341352174763,0.0
2013-08-28 17:40:00,266.53333333333336,0.25853509674471525,0.0,0.0,0.30871561239412937,0.0
2013-08-28 17:50:00,274.60833333333335,0.327210253622403,0.0,0.0,0.32290422581715644,0.0
2013-08-28 18:00:00,281.34166666666664,0.38447498711793604,0.0,0.0,0.34278387649227665,0.0
2013-08-28 18:10:00,290.71666666666664,0.46420620640317745,0.0,0.0,0.3485528731587819,0.0
2013-08-28 18:20:00,302.1333333333333,0.5613011134438716,0.0,0.0,0.36948497592846735,1.0
2013-08-28 18:30:00,305.1666666666667,0.5870985923948299,0.0,0.0,0.395796278292597,1.0
2013-08-28 18:40:00,309.4166666666667,0.6232434118041393,0.0,0.0,0.4104136684948913,1.0
2013-08-28 18:50:00,310.65,0.6337324966523307,0.0,0.0,0.4065156977742796,1.0
2013-08-28 19:00:00,315.125,0.6717908653244861,0.0,0.0,0.3883511542162286,1.0
2013-08-28 19:10:00,320.75,0.7196295968956309,0.0,0.0,0.3890527889459387,1.0
2013-08-28 19:20:00,323.875,0.7462066699907114,0.0,0.0,0.4026177270536676,1.0
2013-08-28 19:30:00,323.0416666666667,0.7391194504986901,0.0,0.0,0.3756827493742401,1.0
2013-08-28 19:40:00,319.15833333333336,0.7060930076658701,0.0,0.0,0.4068665151391346,1.0
2013-08-28 19:50:00,319.30833333333334,0.7073687071744339,0.0,0.0,0.41945696056671067,1.0
2013-08-28 20:00:00,322.2083333333333,0.7320322310066684,0.0,0.0,0.42510901811159774,1.0
2013-08-28 20:10:00,316.45,0.6830595443168002,0.0,0.0,0.43723170705270054,1.0
2013-08-28 20:20:00,323.1166666666667,0.7397573002529719,0.0,0.0,0.44362437903450397,1.0
2013-08-28 20:30:00,325.80833333333334,0.7626490192122012,0.0,0.0,0.4624125979078527,1.0
2013-08-28 20:40:00,327.01666666666665,0.7729254874756322,0.0,0.0,0.4669342439437623,1.0
2013-08-28 20:50:00,329.60833333333335,0.7949667400958191,0.0,0.0,0.4638938267816852,1.0
2013-08-28 21:00:00,330.975,0.8065897800627344,0.0,0.0,0.48198041092532407,1.0
2013-08-28 21:10:00,334.9916666666667,0.8407501780142776,0.0,0.0,0.49804005029424464,1.0
2013-08-28 21:20:00,335.9583333333333,0.8489713526250223,0.0,0.0,0.5059919105642927,1.0
2013-08-28 21:30:00,335.30833333333334,0.8434433214212458,0.0,0.0,0.505446194663407,1.0
2013-08-28 21:40:00,339.175,0.8763280198642255,0.0,0.0,0.5300813696176735,1.0
2013-08-28 21:50:00,342.60833333333335,0.9055273641713538,0.0,0.0,0.5326540302932773,1.0
2013-08-28 22:00:00,344.30833333333334,0.9199852919350775,0.0,0.0,0.5224023672980683,1.0
2013-08-28 22:10:00,344.19166666666666,0.9189930812061945,0.0,0.0,0.5217786919827705,1.0
2013-08-28 22:20:00,349.4583333333333,0.9637843083957699,0.0,0.0,0.5248580888520537,1.0
2013-08-28 22:30:00,350.0083333333333,0.9684618732605041,0.0,0.0,0.5188941936495177,1.0
2013-08-28 22:40:00,347.81666666666666,0.9498224859964878,0.0,0.0,0.5099288609921104,1.0
2013-08-28 22:50:00,347.68333333333334,0.9486885308777644,0.0,0.0,0.5121507043028594,1.0
2013-08-28 23:00:00,348.34166666666664,0.9542874342764611,0.0,0.0,0.4813177559028201,1.0
2013-08-28 23:10:00,347.06666666666666,0.9434439884536685,0.0,0.0,0.470091600227458,1.0
2013-08-28 23:20:00,345.15,0.927143383622019,0.0,0.0,0.45438277822339235,1.0
2013-08-28 23:30:00,345.625,0.9311830987324714,0.0,0.0,0.43586741730048634,1.0
2013-08-28 23:40:00,339.03333333333336,0.8751231925505819,0.0,0.0,0.4150132739452133,1.0
2013-08-28 23:50:00,336.6333333333333,0.8547120004135599,0.0,0.0,0.3947438261980318,1.0
2013-08-29 00:00:00,333.275,0.8261505058607133,0.0,0.0,0.38164664457677633,1.0
2013-08-29 00:10:00,329.31666666666666,0.7924862132736115,0.0,0.0,0.3648463907709393,1.0
2013-08-29 00:20:00,324.85833333333335,0.7545695889912969,0.0,0.0,0.3538151336316078,1.0
2013-08-29 00:30:00,320.525,0.717716047632785,0.0,0.0,0.3179927827091855,1.0
2013-08-29 00:40:00,317.725,0.6939029901395932,0.0,0.0,0.30711744439867866,1.0
2013-08-29 00:50:00,314.1333333333333,0.6633570741289805,0.0,0.0,0.2592503639495657,0.0
2013-08-29 01:00:00,311.775,0.6433002429665596,0.0,0.0,0.1982471221719909,0.0
2013-08-29 01:10:00,304.1166666666667,0.5781686958348827,0.0,0.0,0.1735339878033122,0.0
2013-08-29 01:20:00,301.7916666666667,0.558395353452143,0.0,0.0,0.12059954541740397,0.0
2013-08-29 01:30:00,291.55833333333334,0.47136429809011937,0.0,0.0,0.09947254411168782,0.0
2013-08-29 01:40:00,278.51666666666665,0.3604493130399834,0.0,0.0,0.07783880661229245,0.0
2013-08-29 01:50:00,273.23333333333335,0.3155163414605676,0.0,0.0,0.07195287082416867,0.0
2013-08-29 02:00:00,261.9166666666667,0.2192719007589163,0.0,0.0,0.060804674563218815,0.0
2013-08-29 02:10:00,257.4,0.18085917111215966,0.0,0.0,0.037377870532341935,0.0
2013-08-29 02:20:00,252.775,0.1415251029314408,0.0,0.0,0.03418153454144023,0.0
2013-08-29 02:30:00,251.51666666666668,0.13082340149848848,0.0,0.0,0.028295598753316453,0.0
2013-08-29 02:40:00,249.13333333333333,0.11055395375130693,0.0,0.0,0.03270030566760777,0.0
2013-08-29 02:50:00,244.125,0.06795976460425805,0.0,0.0,0.029153152311851064,0.0
2013-08-29 03:00:00,243.44166666666666,0.06214824462080042,0.0,0.0,0.02689232929389615,0.0
2013-08-29 03:10:00,242.18333333333334,0.05144654318784809,0.0,0.0,0.02026577906885613,0.0
2013-08-29 03:20:00,243.125,0.0594551012138323,0.0,0.0,0.025683958370506528,0.0
2013-08-29 03:30:00,242.36666666666667,0.05300573147609284,0.0,0.0,0.028607436410965376,0.0
2013-08-29 03:40:00,241.88333333333333,0.048895144170720266,0.0,0.0,0.036676235802631775,0.0
2013-08-29 03:50:00,240.46666666666667,0.03684687103428387,0.0,0.0,0.03729991111792963,0.0
2013-08-29 04:00:00,241.625,0.04669810612819368,0.0,0.0,0.025294161298445302,0.0
2013-08-29 04:10:00,242.25,0.052013520747209774,0.0,0.0,0.027399065487575758,0.0
2013-08-29 04:20:00,243.975,0.06668406509569413,0.0,0.0,0.026190694564185997,0.0
2013-08-29 04:30:00,244.10833333333332,0.0678180202144175,0.0,0.0,0.029348050847881613,0.0
2013-08-29 04:40:00,241.54166666666666,0.045989384178991455,0.0,0.0,0.041743597739427166,0.0
2013-08-29 04:50:00,241.99166666666667,0.04981648270468319,0.0,0.0,0.044004420757381944,0.0
2013-08-29 05:00:00,241.73333333333332,0.047619444662156354,0.0,0.0,0.039482774721472255,0.0
2013-08-29 05:10:00,242.40833333333333,0.053360092450693834,0.0,0.0,0.03394765629820361,0.0
2013-08-29 05:20:00,245.05833333333334,0.07589745043532212,0.0,0.0,0.02946498996949999,0.0
2013-08-29 05:30:00,245.54166666666666,0.08000803774069444,0.0,0.0,0.021708028235482516,0.0
2013-08-29 05:40:00,244.575,0.07178686312994954,0.0,0.0,0.01609495039780144,0.0
2013-08-29 05:50:00,243.39166666666668,0.06172301145127928,0.0,0.0,0.023734973010200673,0.0
2013-08-29 06:00:00,242.43333333333334,0.053572709035454524,0.0,0.0,0.019252306681497057,0.0
2013-08-29 06:10:00,240.775,0.03946914224633184,0.0,0.0,0.028295598753316453,0.0
2013-08-29 06:20:00,239.575,0.0292635461778208,0.0,0.0,0.016562706884274966,0.0
2013-08-29 06:30:00,241.20833333333334,0.043154496382183036,0.0,0.0,0.031491934744218145,0.0
2013-08-29 06:40:00,240.25,0.03500419396635828,0.0,0.0,0.02646355251462884,0.0
2013-08-29 06:50:00,242.18333333333334,0.05144654318784809,0.0,0.0,0.012976573821312046,0.0
2013-08-29 07:00:00,239.675,0.030114012516863572,0.0,0.0,0.02884131465420214,0.0
2013-08-29 07:10:00,242.86666666666667,0.05725806317130572,0.0,0.0,0.02607375544256775,0.0
2013-08-29 07:20:00,241.79166666666666,0.04811555002659789,0.0,0.0,0.0365592966810134,0.0
2013-08-29 07:30:00,238.90833333333333,0.023593770584203717,0.0,0.0,0.01835577341575636,0.0
2013-08-29 07:40:00,242.3,0.05243875391673116,0.0,0.0,0.02326721652372715,0.0
2013-08-29 07:50:00,241.70833333333334,0.04740682807739591,0.0,0.0,0.032310508595546544,0.0
2013-08-29 08:00:00,243.95,0.06647144851093345,0.0,0.0,0.018082915465313515,0.0
2013-08-29 08:10:00,240.05833333333334,0.033374133483193374,0.0,0.0,0.012274939091601897,0.0
2013-08-29 08:20:00,241.10833333333332,0.04230403004314027,0.0,0.0,0.017498219857221744,0.0
2013-08-29 08:30:00,243.04166666666666,0.058746379264630076,0.0,0.0,0.009039623393494118,0.0
2013-08-29 08:40:00,240.0,0.032878028118751845,0.0,0.0,0.013639228843816114,0.0
2013-08-29 08:50:00,238.75833333333333,0.02231807107563981,0.0,0.0,0.018706590780611366,0.0
2013-08-29 09:00:00,239.875,0.031814945194948624,0.0,0.0,0.016211889519419823,0.0
2013-08-29 09:10:00,238.06666666666666,0.01643567889726203,0.0,0.0,0.023228236816521065,0.0
2013-08-29 09:20:00,239.05,0.02479859789784748,0.0,0.0,0.005492470037737415,0.0
2013-08-29 09:30:00,240.13333333333333,0.03401198323747521,0.0,0.0,0.010988608753799974,0.0
2013-08-29 09:40:00,239.6,0.029476162762581495,0.0,0.0,0.014068005623083421,0.0
2013-08-29 09:50:00,241.1,0.04223315784822011,0.0,0.0,0.012352898506014193,0.0
2013-08-29 10:00:00,237.30833333333334,0.009986309159522571,0.0,0.0,0.0024130731684541004,0.0
2013-08-29 10:10:00,238.48333333333332,0.01997928864327268,0.0,0.0,0.020577616726505057,0.0
2013-08-29 10:20:00,239.14166666666668,0.025578192041969854,0.0,0.0,0.011261466704242818,0.0
2013-08-29 10:30:00,238.775,0.02245981546548035,0.0,0.0,0.004478997650378337,0.0
2013-08-29 10:40:00,236.65,0.0043874057608256365,0.0,0.0,0.0,0.0
2013-08-29 10:50:00,240.53333333333333,0.037413848593645556,0.0,0.0,0.003660423799049806,0.0
2013-08-29 11:00:00,238.54166666666666,0.020475394007714212,0.0,0.0,0.00124368195227056,0.0
2013-08-29 11:10:00,237.09166666666667,0.008143632091596976,0.0,0.0,0.004751855600821181,0.0
2013-08-29 11:20:00,235.375,0.0,0.0,0.0,0.014184944744701668,0.0
2013-08-29 11:30:00,236.91666666666666,0.006655315998272374,0.0,0.0,0.01593903156897698,0.0
2013-08-29 11:40:00,236.4,0.0022612399132192,0.0,0.0,0.01781005751487067,0.0
2013-08-29 11:50:00,237.15,0.00863973745603851,0.0,0.0,0.01208004055557135,0.0
2013-08-29 12:00:00,239.16666666666666,0.025790808626730305,0.0,0.0,0.02852947699655308,0.0
2013-08-29 12:10:00,239.54166666666666,0.028980057398139962,0.0,0.0,0.02104537321297845,0.0
2013-08-29 12:20:00,239.94166666666666,0.03238192275431031,0.0,0.0,0.010598811681738884,0.0
2013-08-29 12:30:00,238.71666666666667,0.021963710101038817,0.0,0.0,0.01742026044280945,0.0
2013-08-29 12:40:00,242.23333333333332,0.05187177635736923,1.0,1.0,0.4526859311188969,1.0
2013-08-29 12:50:00,240.63333333333333,0.03826431493268809,1.0,1.0,0.46515943742485466,1.0
2013-08-29 13:00:00,238.4,0.019270566694070696,1.0,1.0,0.46055983197453276,1.0
2013-08-29 13:10:00,239.85833333333332,0.03167320080510808,0.0,1.0,0.10050306751535433,1.0
2013-08-29 13:20:00,236.70833333333334,0.004883511125267171,0.0,0.0,0.0068567597899515005,1.0
2013-08-29 13:30:00,239.375,0.02756261349973575,0.0,0.0,0.009507379879967508,0.0
2013-08-29 13:40:00,238.39166666666668,0.019199694499150544,0.0,0.0,0.017186382199572817,0.0
2013-08-29 13:50:00,236.24166666666667,0.0009146682097351394,0.0,0.0,0.02548905983447598,0.0
2013-08-29 14:00:00,237.6,0.01246683598173,0.0,0.0,0.021006393505772363,0.0
2013-08-29 14:10:00,238.16666666666666,0.01728614523630456,0.0,0.0,0.02607375544256775,0.0
2013-08-29 14:20:00,239.80833333333334,0.03124796763558694,0.0,0.0,0.2505189095353952,0.0
2013-08-29 14:30:00,241.58333333333334,0.046343745153592686,0.0,0.0,0.5240395150007254,1.0
2013-08-29 14:40:00,240.625,0.03819344273776793,0.0,0.0,0.55,1.0
2013-08-29 14:50:00,241.70833333333334,0.04740682807739591,0.0,1.0,0.65,1.0
2013-08-29 15:00:00,289.69166666666666,0.4554889264279912,1.0,1.0,1.0,1.0
2013-08-29 15:10:00,348.1666666666667,0.952799118183137,1.0,1.0,1.0,1.0
2013-08-29 15:20:00,371.56666666666666,1.0,1.0,1.0,1.0,1.0
2013-08-29 15:30:00,380.15833333333336,1.0,1.0,1.0,1.0,1.0
2013-08-29 15:40:00,397.98333333333335,1.0,1.0,1.0,1.0,1.0
2013-08-29 15:50:00,391.7416666666667,1.0,1.0,1.0,1.0,1.0
2013-08-29 16:00:00,411.8181818181818,1.0,1.0,1.0,1.0,1.0
2013-08-29 16:10:00,391.86567164179104,1.0,1.0,1.0,1.0,1.0
2013-08-29 16:20:00,396.45454545454544,1.0,1.0,1.0,1.0,1.0
2013-08-29 16:30:00,398.675,1.0,1.0,1.0,0.9035642043720641,1.0
2013-08-29 16:40:00,398.4,1.0,1.0,1.0,0.7700197274839037,1.0
2013-08-29 16:50:00,399.85,1.0,1.0,1.0,1.0,1.0
2013-08-29 17:00:00,381.78333333333336,1.0,1.0,1.0,1.0,1.0
2013-08-29 17:10:00,333.1,0.8246621897673891,0.0,1.0,0.65,1.0
2013-08-29 17:20:00,304.55,0.581854049970734,0.0,1.0,0.65,1.0
2013-08-29 17:30:00,361.5321100917431,1.0,0.0,1.0,0.65,1.0
2013-08-29 17:40:00,451.69166666666666,1.0,0.0,1.0,0.65,1.0
2013-08-29 17:50:00,499.4583333333333,1.0,0.0,1.0,0.65,1.0
2013-08-29 18:00:00,433.55,1.0,0.0,1.0,0.65,1.0
2013-08-29 18:10:00,388.1,1.0,0.0,1.0,0.65,1.0
2013-08-29 18:20:00,371.80833333333334,1.0,0.0,1.0,0.65,1.0
2013-08-29 18:30:00,379.325,1.0,0.0,1.0,0.65,1.0
2013-08-29 18:40:00,388.5833333333333,1.0,0.0,1.0,0.65,1.0
2013-08-29 18:50:00,394.2416666666667,1.0,0.0,1.0,0.65,1.0
2013-08-29 19:00:00,411.6,1.0,0.0,1.0,0.65,1.0
2013-08-29 19:10:00,422.44166666666666,1.0,0.0,1.0,0.65,1.0
2013-08-29 19:20:00,437.4,1.0,0.0,1.0,0.65,1.0
2013-08-29 19:30:00,441.3666666666667,1.0,0.0,1.0,0.65,1.0
2013-08-29 19:40:00,434.5416666666667,1.0,0.0,1.0,0.65,1.0
2013-08-29 19:50:00,491.81666666666666,1.0,0.0,1.0,0.65,1.0
2013-08-29 20:00:00,562.475,1.0,0.0,1.0,0.65,1.0
2013-08-29 20:10:00,576.6666666666666,1.0,0.0,1.0,0.65,1.0
2013-08-29 20:20:00,589.8,1.0,0.0,1.0,0.65,1.0
2013-08-29 20:30:00,583.1666666666666,1.0,0.0,1.0,0.65,1.0
2013-08-29 20:40:00,532.4416666666667,1.0,0.0,1.0,0.65,1.0
2013-08-29 20:50:00,535.175,1.0,0.0,1.0,0.65,1.0
2013-08-29 21:00:00,507.525,1.0,0.0,1.0,0.65,1.0
2013-08-29 21:10:00,492.43333333333334,1.0,0.0,1.0,0.65,1.0
2013-08-29 21:20:00,487.95,1.0,0.0,1.0,0.65,1.0
2013-08-29 21:30:00,491.94166666666666,1.0,0.0,1.0,0.65,1.0
2013-08-29 21:40:00,480.925,1.0,0.0,1.0,0.65,1.0
2013-08-29 21:50:00,456.60833333333335,1.0,0.0,1.0,0.65,1.0
2013-08-29 22:00:00,426.35833333333335,1.0,0.0,1.0,0.65,1.0
2013-08-29 22:10:00,413.81666666666666,1.0,0.0,1.0,0.65,1.0
2013-08-29 22:20:00,414.09166666666664,1.0,0.0,1.0,0.65,1.0
2013-08-29 22:30:00,419.78333333333336,1.0,0.0,1.0,0.65,1.0
2013-08-29 22:40:00,409.7416666666667,1.0,0.0,1.0,0.65,1.0
2013-08-29 22:50:00,414.125,1.0,0.0,1.0,0.65,1.0
2013-08-29 23:00:00,415.01666666666665,1.0,0.0,1.0,0.65,1.0
2013-08-29 23:10:00,427.625,1.0,0.0,1.0,0.6447767192343802,1.0
2013-08-29 23:20:00,410.2083333333333,1.0,0.0,1.0,0.5749640636282228,1.0
2013-08-29 23:30:00,381.5833333333333,1.0,0.0,1.0,0.5627634152727078,1.0
2013-08-29 23:40:00,363.3666666666667,1.0,0.0,1.0,0.5201196155892147,1.0
2013-08-29 23:50:00,352.6,0.9905031258806912,0.0,0.0,0.4220296212423145,1.0
2013-08-30 00:00:00,337.675,0.8635710247785868,0.0,0.0,0.4032024226617594,1.0
2013-08-30 00:10:00,335.06666666666666,0.8413880277685595,0.0,0.0,0.3825041981353109,1.0
2013-08-30 00:20:00,325.95,0.7638538465258448,0.0,0.0,0.37560478995982793,1.0
2013-08-30 00:30:00,326.35833333333335,0.7673265840769354,0.0,0.0,0.3609873997575337,1.0
2013-08-30 00:40:00,322.3333333333333,0.7330953139304716,0.0,0.0,0.3448108212669948,1.0
2013-08-30 00:50:00,317.90833333333336,0.695462178427838,0.0,0.0,0.3151472640831388,1.0
2013-08-30 01:00:00,316.43333333333334,0.6829177999269598,0.0,0.0,0.2935914859981555,0.0
2013-08-30 01:10:00,313.30833333333334,0.6563407268318794,0.0,0.0,0.2684105951430033,0.0
2013-08-30 01:20:00,309.85,0.6269287659399905,0.0,0.0,0.24942747773362384,0.0
2013-08-30 01:30:00,303.5083333333333,0.5729950256057069,0.0,0.0,0.24529562876977537,0.0
2013-08-30 01:40:00,298.9,0.5338027018148281,0.0,0.0,0.20744633307263488,0.0
2013-08-30 01:50:00,293.51666666666665,0.4880192638963696,0.0,0.0,0.13907592663310386,0.0
2013-08-30 02:00:00,289.4583333333333,0.4535045049702251,0.0,0.0,0.10422806839083441,0.0
2013-08-30 02:10:00,288.575,0.44599205230868244,0.0,0.0,0.0964711066568168,0.0
2013-08-30 02:20:00,280.48333333333335,0.3771751510411543,0.0,0.0,0.06209100490102074,0.0
2013-08-30 02:30:00,265.8666666666667,0.2528653211510979,0.0,0.0,0.06060977602718828,0.0
2013-08-30 02:40:00,258.4166666666667,0.1895055788924262,0.0,0.0,0.04868198562211611,0.0
2013-08-30 02:50:00,256.7583333333333,0.17540201210330325,0.0,0.0,0.05511363731112558,0.0
2013-08-30 03:00:00,249.40833333333333,0.11289273618367407,0.0,0.0,0.05187832161301781,0.0
2013-08-30 03:10:00,249.09166666666667,0.11019959277670595,0.0,0.0,0.05795915593717227,0.0
2013-08-30 03:20:00,246.54166666666666,0.0885127011311202,0.0,0.0,0.07035470282871782,0.0
2013-08-30 03:30:00,247.91666666666666,0.10020661329295559,0.0,0.0,0.0712902158016646,0.0
2013-08-30 03:40:00,247.225,0.09432422111457782,0.0,0.0,0.05834895300923336,0.0
2013-08-30 03:50:00,248.525,0.10538028352213138,0.0,0.0,0.0722647084818176,0.0
2013-08-30 04:00:00,251.175,0.12791764150675966,0.0,0.0,0.06789898127473236,0.0
2013-08-30 04:10:00,251.375,0.1296185741848447,0.0,0.0,0.06672959005854882,0.0
2013-08-30 04:20:00,248.60833333333332,0.10608900547133338,0.0,0.0,0.06630081327928151,0.0
2013-08-30 04:30:00,251.58333333333334,0.13139037905785017,0.0,0.0,0.06333835553161658,0.0
2013-08-30 04:40:00,250.65,0.1234526932267861,0.0,0.0,0.05098178834727711,0.0
2013-08-30 04:50:00,250.4,0.12132652737917966,0.0,0.0,0.049500559473444644,0.0
2013-08-30 05:00:00,250.30833333333334,0.12054693323505729,0.0,0.0,0.07209110138249616,0.0
2013-08-30 05:10:00,249.675,0.11516064642112105,0.0,0.0,0.04924090952296425,0.0
2013-08-30 05:20:00,247.03333333333333,0.09269416063141292,0.0,0.0,0.035389905464829854,0.0
2013-08-30 05:30:00,246.71666666666667,0.0900010172244448,0.0,0.0,0.03168683328024869,0.0
2013-08-30 05:40:00,251.54621848739495,0.13107472978635665,0.0,0.0,0.05538649526156843,0.0
2013-08-30 05:50:00,246.6611570247934,0.08952892640538954,0.0,0.0,0.06509244235589189,0.0
2013-08-30 06:00:00,243.7,0.06434528266332701,0.0,0.0,0.0694191898557709,0.0
2013-08-30 06:10:00,242.90833333333333,0.057612424145906706,0.0,0.0,0.09608130958475572,0.0
2013-08-30 06:20:00,247.975,0.10070271865739713,0.0,0.0,0.07608471978801715,0.0
2013-08-30 06:30:00,250.05,0.1183498951925307,0.0,0.0,0.09580845163431286,0.0
2013-08-30 06:40:00,250.975,0.12621670882867436,0.0,0.0,0.08356882357159177,0.0
2013-08-30 06:50:00,256.675,0.1746932901541013,0.0,0.0,0.07647451686007824,0.0
2013-08-30 07:00:00,252.4,0.13833585416003116,0.0,0.0,0.07206980994578692,0.0
2013-08-30 07:10:00,256.6166666666667,0.17419718478965973,0.0,0.0,0.07546104447271929,0.0
2013-08-30 07:20:00,254.0,0.1519433155847123,0.0,0.0,0.06591101620722029,0.0
2013-08-30 07:30:00,252.48333333333332,0.13904457610923315,0.0,0.0,0.05971324276144757,0.0
2013-08-30 07:40:00,251.54166666666666,0.13103601808324894,0.0,0.0,0.054256083752590965,0.0
2013-08-30 07:50:00,252.26666666666668,0.13720189904130778,0.0,0.0,0.04677197996901634,0.0
2013-08-30 08:00:00,250.225,0.11983821128585506,0.0,1.0,0.15312567224361365,0.0
2013-08-30 08:10:00,248.9,0.10856953229354104,0.0,1.0,0.13874216028455602,0.0
2013-08-30 08:20:00,247.73333333333332,0.09864742500471084,0.0,1.0,0.1541001649237665,0.0
2013-08-30 08:30:00,246.13333333333333,0.0850399635800297,0.0,1.0,0.14186053686104555,0.0
2013-08-30 08:40:00,247.49166666666667,0.0965921313520248,0.0,0.0,0.04178257744663325,0.0
2013-08-30 08:50:00,244.41666666666666,0.07044029142646548,0.0,0.0,0.03086825942892016,0.0
2013-08-30 09:00:00,247.7,0.09836393622503,0.0,0.0,0.021084352920184665,0.0
2013-08-30 09:10:00,245.08333333333334,0.0761100670200828,0.0,0.0,0.036949093753074626,0.0
2013-08-30 09:20:00,245.06666666666666,0.07596832263024227,0.0,0.0,0.04926668123020787,0.0
2013-08-30 09:30:00,242.73333333333332,0.056124108052582104,0.0,0.0,0.03776766760440316,0.0
2013-08-30 09:40:00,240.64166666666668,0.03833518712760848,0.0,0.0,0.03285622449643223,0.0
2013-08-30 09:50:00,244.03333333333333,0.06718017046013568,0.0,0.0,0.04638218289695525,0.0
2013-08-30 10:00:00,246.66666666666666,0.0895757840549234,0.0,0.0,0.045602588752832796,0.0
2013-08-30 10:10:00,244.20833333333334,0.06866848655346028,0.0,0.0,0.04404340046458816,0.0
2013-08-30 10:20:00,243.15833333333333,0.05973858999351314,0.0,0.0,0.03998951091515185,0.0
2013-08-30 10:30:00,246.05,0.08433124163082771,0.0,0.0,0.029270091433469446,0.0
2013-08-30 10:40:00,245.88333333333333,0.08291379773242326,0.0,0.0,0.0493056609374141,0.0
2013-08-30 10:50:00,245.55,0.08007890993561484,0.0,0.0,0.05070893039683426,0.0
2013-08-30 11:00:00,244.68333333333334,0.07270820166391245,0.0,0.0,0.04532973080238995,0.0
2013-08-30 11:10:00,242.39166666666668,0.053218348060853536,0.0,0.0,0.06462468586941837,0.0
2013-08-30 11:20:00,246.675,0.0896466562498438,0.0,0.0,0.057608338572317126,0.0
2013-08-30 11:30:00,246.975,0.09219805526697138,0.0,0.0,0.05156648395536888,0.0
2013-08-30 11:40:00,245.825,0.08241769236798173,0.0,0.0,0.07070552019357282,0.0
2013-08-30 11:50:00,249.95,0.11749942885348794,0.0,0.0,0.07234266789622977,0.0
2013-08-30 12:00:00,248.45,0.10474243376784931,0.0,0.0,0.059011608031737425,0.0
2013-08-30 12:10:00,247.15833333333333,0.09375724355521613,0.0,0.0,0.05308669253640743,0.0
2013-08-30 12:20:00,251.25,0.1285554912610415,0.0,0.0,0.062168964315433034,0.0
2013-08-30 12:30:00,251.6,0.13153212344769047,0.0,0.0,0.07070552019357282,0.0
2013-08-30 12:40:00,248.75,0.10729383278497713,0.0,0.0,0.0636112134820593,0.0
2013-08-30 12:50:00,247.48333333333332,0.09652125915710441,0.0,0.0,0.06828877834679345,0.0
2013-08-30 13:00:00,249.425,0.1130344805735146,0.0,0.0,0.06481958440544905,0.0
2013-08-30 13:10:00,251.25,0.1285554912610415,0.0,0.0,0.044238299000618715,0.0
2013-08-30 13:20:00,249.73333333333332,0.11565675178556234,0.0,0.0,0.04462809607267994,0.0
2013-08-30 13:30:00,250.73333333333332,0.12416141517598808,0.0,0.0,0.050475052153597634,0.0
2013-08-30 13:40:00,249.99166666666667,0.11785378982808917,0.0,0.0,0.06450774674780012,0.0
2013-08-30 13:50:00,245.59166666666667,0.08043327091021583,0.0,0.0,0.05328159107243811,0.0
2013-08-30 14:00:00,245.675,0.08114199285941806,0.0,0.0,0.0482532088428488,0.0
2013-08-30 14:10:00,246.925,0.09177282209745023,0.0,0.0,0.06423488879735728,0.0
2013-08-30 14:20:00,249.925,0.11728681226872748,0.0,0.0,0.0514495448337505,0.0
2013-08-30 14:30:00,247.525,0.09687562013170564,0.0,0.0,0.051605463662574964,0.0
2013-08-30 14:40:00,246.45,0.08773310698699782,0.0,0.0,0.09631518782799246,0.0
2013-08-30 14:50:00,249.86666666666667,0.11679070690428595,0.0,0.0,0.13053937075496408,0.0
2013-08-30 15:00:00,247.13333333333333,0.09354462697045544,0.0,0.0,0.2004689654827397,0.0
2013-08-30 15:10:00,247.16666666666666,0.09382811575013629,0.0,0.0,0.22755986199099185,0.0
2013-08-30 15:20:00,256.725,0.17511852332362265,1.0,1.0,0.6839135542655889,1.0
2013-08-30 15:30:00,264.0416666666667,0.23734431046357102,1.0,1.0,0.6824713050989625,1.0
2013-08-30 15:40:00,278.9916666666667,0.3644890281504358,1.0,1.0,0.6858235599186887,1.0
2013-08-30 15:50:00,284.78333333333336,0.4137452036199851,1.0,1.0,0.7204765196249275,1.0
2013-08-30 16:00:00,286.14166666666665,0.42529737139197976,1.0,1.0,0.7664335944209408,1.0
2013-08-30 16:10:00,285.8333333333333,0.42267510017993176,1.0,1.0,0.8386629918738775,1.0
2013-08-30 16:20:00,286.55,0.4287701089430705,1.0,1.0,0.8602187699588606,1.0
2013-08-30 16:30:00,293.9583333333333,0.49177549022714095,1.0,1.0,0.9963359075226248,1.0
2013-08-30 16:40:00,303.78333333333336,0.5753338080380743,1.0,1.0,1.0,1.0
2013-08-30 16:50:00,319.225,0.7066599852252319,1.0,1.0,1.0,1.0
2013-08-30 17:00:00,323.8333333333333,0.7458523090161102,1.0,1.0,1.0,1.0
2013-08-30 17:10:00,352.93333333333334,0.9933380136774996,1.0,1.0,1.0,1.0
2013-08-30 17:20:00,371.375,1.0,1.0,1.0,1.0,1.0
2013-08-30 17:30:00,367.0,1.0,1.0,1.0,1.0,1.0
2013-08-30 17:40:00,369.85,1.0,1.0,1.0,1.0,1.0
2013-08-30 17:50:00,373.5833333333333,1.0,1.0,1.0,1.0,1.0
2013-08-30 18:00:00,371.05833333333334,1.0,1.0,1.0,1.0,1.0
2013-08-30 18:10:00,377.4916666666667,1.0,1.0,1.0,1.0,1.0
2013-08-30 18:20:00,388.71666666666664,1.0,1.0,1.0,1.0,1.0
2013-08-30 18:30:00,367.7916666666667,1.0,0.0,1.0,0.65,1.0
2013-08-30 18:40:00,360.30833333333334,1.0,0.0,1.0,0.65,1.0
2013-08-30 18:50:00,355.575,1.0,0.0,1.0,0.65,1.0
2013-08-30 19:00:00,371.1333333333333,1.0,1.0,1.0,1.0,1.0
2013-08-30 19:10:00,380.59166666666664,1.0,0.0,1.0,0.65,1.0
2013-08-30 19:20:00,384.525,1.0,0.0,1.0,0.65,1.0
2013-08-30 19:30:00,385.975,1.0,1.0,1.0,1.0,1.0
2013-08-30 19:40:00,397.4166666666667,1.0,1.0,1.0,1.0,1.0
2013-08-30 19:50:00,402.39166666666665,1.0,1.0,1.0,1.0,1.0
2013-08-30 20:00:00,400.56666666666666,1.0,1.0,1.0,1.0,1.0
2013-08-30 20:10:00,394.06666666666666,1.0,1.0,1.0,1.0,1.0
2013-08-30 20:20:00,410.93333333333334,1.0,1.0,1.0,1.0,1.0
2013-08-30 20:30:00,425.3666666666667,1.0,1.0,1.0,1.0,1.0
2013-08-30 20:40:00,407.225,1.0,1.0,1.0,1.0,1.0
2013-08-30 20:50:00,406.775,1.0,1.0,1.0,1.0,1.0
2013-08-30 21:00:00,393.6166666666667,1.0,1.0,1.0,1.0,1.0
2013-08-30 21:10:00,397.59166666666664,1.0,1.0,1.0,1.0,1.0
2013-08-30 21:20:00,400.9166666666667,1.0,1.0,1.0,1.0,1.0
2013-08-30 21:30:00,392.40833333333336,1.0,0.9833333333333343,1.0,0.994166666666667,1.0
2013-08-30 21:40:00,386.8,1.0,0.5083333333333329,1.0,0.8279166666666665,1.0
2013-08-30 21:50:00,389.73333333333335,1.0,0.0,1.0,0.65,1.0
2013-08-30 22:00:00,395.5416666666667,1.0,0.0,1.0,0.65,1.0
2013-08-30 22:10:00,395.4583333333333,1.0,0.0,1.0,0.65,1.0
2013-08-30 22:20:00,386.65,1.0,0.0,1.0,0.65,1.0
2013-08-30 22:30:00,387.7083333333333,1.0,0.0,1.0,0.65,1.0
2013-08-30 22:40:00,387.275,1.0,0.0,1.0,0.65,1.0
2013-08-30 22:50:00,393.0416666666667,1.0,0.0,1.0,0.5864240975468215,1.0
2013-08-30 23:00:00,403.525,1.0,0.0,1.0,0.5325151624807604,1.0
2013-08-30 23:10:00,379.14166666666665,1.0,0.0,1.0,0.46426169516284754,1.0
2013-08-30 23:20:00,360.675,1.0,0.0,1.0,0.4288291413124864,1.0
2013-08-30 23:30:00,340.125,0.8844074500851298,0.0,0.0,0.292422094781972,1.0
2013-08-30 23:40:00,328.6,0.7863912045104733,0.0,0.0,0.29296781068285765,1.0
2013-08-30 23:50:00,314.0083333333333,0.6622939912051773,0.0,0.0,0.25437790054880083,0.0
2013-08-31 00:00:00,306.43333333333334,0.5978711660227024,0.0,0.0,0.24662093881478347,0.0
2013-08-31 00:10:00,298.65,0.5316765359672218,0.0,0.0,0.23040538061703825,0.0
2013-08-31 00:20:00,298.76666666666665,0.5326687466961048,0.0,0.0,0.20970715609058954,0.0
2013-08-31 00:30:00,290.51666666666665,0.46250527372509237,0.0,0.0,0.1982081424647848,0.0
2013-08-31 00:40:00,288.85833333333335,0.4484017069359699,0.0,0.0,0.1690903011818148,0.0
2013-08-31 00:50:00,285.39166666666665,0.41891887384916043,0.0,0.0,0.15252392561921457,0.0
2013-08-31 01:00:00,280.96666666666664,0.3812857383465264,0.0,0.0,0.1468328883671212,0.0
2013-08-31 01:10:00,278.5083333333333,0.36037844084506326,0.0,0.0,0.14149266847988312,0.0
2013-08-31 01:20:00,272.28333333333336,0.30743691123966327,0.0,0.0,0.12095036278225899,0.0
2013-08-31 01:30:00,268.7416666666667,0.27731622839857195,0.0,0.0,0.1063719522871708,0.0
2013-08-31 01:40:00,267.525,0.26696888794022033,0.0,0.0,0.1104648215438132,0.0
2013-08-31 01:50:00,266.3833333333333,0.2572593972361511,0.0,0.0,0.10769726233217894,0.0
2013-08-31 02:00:00,261.9916666666667,0.21990975051319814,0.0,0.0,0.10119667132629247,0.0
2013-08-31 02:10:00,258.875,0.19340354961303782,0.0,0.0,0.09131235532245424,0.0
2013-08-31 02:20:00,259.75,0.20084513007966034,0.0,0.0,0.10087581357110811,0.0
2013-08-31 02:30:00,259.15833333333336,0.19581320424032533,0.0,0.0,0.08580933783453164,0.0
2013-08-31 02:40:00,257.7685950413223,0.1839939478659863,0.0,0.0,0.07023196507296957,0.0
2013-08-31 02:50:00,255.65546218487395,0.16602246422264405,0.0,0.0,0.059787926570212244,0.0
2013-08-31 03:00:00,257.7,0.18341057012928746,0.0,0.0,0.06305042979519483,0.0
2013-08-31 03:10:00,254.47899159663865,0.1560169778809666,0.0,0.0,0.06662739116234456,0.0
2013-08-31 03:20:00,251.1487603305785,0.12769448195085376,0.0,0.0,0.06380611201808997,0.0
2013-08-31 03:30:00,248.91596638655463,0.10870532103674953,0.0,0.0,0.06817183922517521,0.0
2013-08-31 03:40:00,249.61344537815125,0.11463714508217242,0.0,0.0,0.06611639668132313,0.0
2013-08-31 03:50:00,250.3781512605042,0.12114071120426283,0.0,0.0,0.07522716622948253,0.0
2013-08-31 04:00:00,249.775,0.11601111276016357,0.0,0.0,0.09009383002155709,0.0
2013-08-31 04:10:00,250.70833333333334,0.12394879859122764,0.0,0.0,0.08099616289598793,0.0
2013-08-31 04:20:00,250.2689075630252,0.12021163032967841,0.0,0.0,0.1045195972934683,0.0
2013-08-31 04:30:00,252.21666666666667,0.1367766658717864,0.0,0.0,0.09566864012251572,0.0
2013-08-31 04:40:00,255.39495798319328,0.16380696367555833,0.0,0.0,0.08953271877412786,0.0
2013-08-31 04:50:00,253.45,0.14726575071997805,0.0,0.0,0.08498388521134334,0.0
2013-08-31 05:00:00,258.47899159663865,0.1900356314426696,0.0,0.0,0.09563615477725053,0.0
2013-08-31 05:10:00,256.58677685950414,0.17394298204093767,0.0,0.0,0.08286718884188163,0.0
2013-08-31 05:20:00,255.275,0.16278676140750517,0.0,0.0,0.08777863194985255,0.0
2013-08-31 05:30:00,254.30252100840337,0.15451615492971515,0.0,0.0,0.08684311897690564,0.0
2013-08-31 05:40:00,256.5798319327731,0.17388391777681914,0.0,0.0,0.10142152947199382,0.0
2013-08-31 05:50:00,253.85,0.1506676160761484,0.0,0.0,0.1005249962062531,0.0
2013-08-31 06:00:00,254.9,0.15959751263609553,0.0,0.0,0.10399419014759766,0.0
2013-08-31 06:10:00,254.7,0.15789657995801024,0.0,0.0,0.1021611612272157,0.0
2013-08-31 06:20:00,257.81666666666666,0.18440278085817055,0.0,0.0,0.10317561629626912,0.0
2013-08-31 06:30:00,257.625,0.18277272037500564,0.0,0.0,0.09604232987754963,0.0
2013-08-31 06:40:00,258.3666666666667,0.1890803457229048,0.0,0.0,0.09740498182693982,0.0
2013-08-31 06:50:00,257.97478991596637,0.18574756586766492,0.0,0.0,0.09651008636402289,0.0
2013-08-31 07:00:00,258.19166666666666,0.1875920296295802,0.0,0.0,0.09815181991458655,0.0
2013-08-31 07:10:00,256.6666666666667,0.17462241795918113,0.0,0.0,0.08738162854536664,0.0
2013-08-31 07:20:00,256.9579831932773,0.1770999669580724,0.0,0.0,0.08894802316603607,0.0
2013-08-31 07:30:00,256.76666666666665,0.1754728842982234,0.0,0.0,0.08084024406716347,0.0
2013-08-31 07:40:00,257.11764705882354,0.17845785439015735,0.0,0.0,0.10091479327831421,0.0
2013-08-31 07:50:00,254.81512605042016,0.15887568826430298,0.0,0.0,0.08439427619478021,0.0
2013-08-31 08:00:00,255.15,0.16172367848370195,0.0,0.0,0.08286718884188163,0.0
2013-08-31 08:10:00,253.41666666666666,0.1469822619402972,0.0,0.0,0.08703801751293631,0.0
2013-08-31 08:20:00,257.7083333333333,0.18348144232420763,0.0,0.0,0.0929239533010601,0.0
2013-08-31 08:30:00,254.1764705882353,0.153444138535964,0.0,0.0,0.08602454512557724,0.0
2013-08-31 08:40:00,253.85,0.1506676160761484,0.0,0.0,0.07594321362404202,0.0
2013-08-31 08:50:00,254.74166666666667,0.15825094093261147,0.0,0.0,0.07191389111696246,0.0
2013-08-31 09:00:00,256.0,0.1689526423655638,0.0,0.0,0.06817183922517521,0.0
2013-08-31 09:10:00,254.525,0.15640826386468587,0.0,0.0,0.07561696330154374,0.0
2013-08-31 09:20:00,252.36974789915968,0.13807857022553094,0.0,0.0,0.04162665861780879,0.0
2013-08-31 09:30:00,251.50833333333333,0.1307525293035681,0.0,0.0,0.053262920120246936,0.0
2013-08-31 09:40:00,250.70833333333334,0.12394879859122764,0.0,0.0,0.04723973645548973,0.0
2013-08-31 09:50:00,252.3,0.13748538782098862,0.0,0.0,0.049539539180650724,0.0
2013-08-31 10:00:00,245.03333333333333,0.07568483385056142,0.0,0.0,0.041431760081778235,0.0
2013-08-31 10:10:00,247.52100840336135,0.09684167294590351,0.0,0.0,0.06290957875234927,0.0
2013-08-31 10:20:00,246.23333333333332,0.08589042991907223,0.0,0.0,0.03515602722159323,0.0
2013-08-31 10:30:00,246.725,0.09007188941936495,0.0,0.0,0.055152617018331795,0.0
2013-08-31 10:40:00,244.99166666666667,0.07533047287596042,0.0,0.0,0.03909297764941116,0.0
2013-08-31 10:50:00,249.58333333333334,0.11438105227699867,0.0,0.0,0.047130986347990345,0.0
2013-08-31 11:00:00,243.65,0.06392004949380586,0.0,0.0,0.04669860640251077,0.0
2013-08-31 11:10:00,247.925,0.10027748548787599,0.0,0.0,0.040574206523243624,0.0
2013-08-31 11:20:00,244.49166666666667,0.07107814118074755,0.0,0.0,0.02736008578036954,0.0
2013-08-31 11:30:00,246.21008403361344,0.08569270245089153,0.0,0.0,0.03589664165850946,0.0
2013-08-31 11:40:00,246.11764705882354,0.08490655709547412,0.0,0.0,0.051683423076987256,0.0
2013-08-31 11:50:00,244.80833333333334,0.07377128458771567,0.0,0.0,0.054256083752590965,0.0
2013-08-31 12:00:00,241.98333333333332,0.0497456105097628,0.0,0.0,0.0459124610470932,0.0
2013-08-31 12:10:00,243.80833333333334,0.06526662119728993,0.0,0.0,0.03328500127569954,0.0
2013-08-31 12:20:00,247.18333333333334,0.09396986013997682,0.0,0.0,0.02470946569035353,0.0
2013-08-31 12:30:00,247.73333333333332,0.09864742500471084,0.0,0.0,0.01324943177175489,0.0
2013-08-31 12:40:00,245.94957983193277,0.08347720190380581,0.0,0.0,0.016484747469862667,0.0
2013-08-31 12:50:00,243.25,0.060518184137635524,0.0,0.0,0.021435170285039672,0.0
2013-08-31 13:00:00,241.41666666666666,0.044926301255188233,0.0,0.0,0.021279251456215207,0.0
2013-08-31 13:10:00,238.96666666666667,0.024089875948645253,0.0,0.0,0.03852269470616874,0.0
2013-08-31 13:20:00,239.65833333333333,0.029972268127023027,0.0,0.0,0.03266591180830828,0.0
2013-08-31 13:30:00,240.71666666666667,0.03897303688189031,0.0,0.0,0.035378113284498594,0.0
2013-08-31 13:40:00,240.68333333333334,0.03868954810220947,0.0,0.0,0.04564156846003901,0.0
2013-08-31 13:50:00,244.36974789915968,0.07004126310212497,0.0,0.0,0.06222497717200654,0.0
2013-08-31 14:00:00,243.11764705882354,0.05939256692419687,0.0,0.0,0.04201645568987001,0.0
2013-08-31 14:10:00,243.69747899159663,0.06432384233545198,0.0,0.0,0.0401342926847746,0.0
2013-08-31 14:20:00,245.89166666666668,0.08298466992734364,0.0,0.0,0.045368710509596163,0.0
2013-08-31 14:30:00,249.43697478991598,0.11313632213092098,0.0,0.0,0.03542888517203608,0.0
2013-08-31 14:40:00,245.11666666666667,0.07639355579976365,0.0,0.0,0.029364101315554704,0.0
2013-08-31 14:50:00,244.71428571428572,0.07297144124504472,0.0,0.0,0.01874557048781758,0.0
2013-08-31 15:00:00,245.83333333333334,0.08248856456290211,0.0,0.0,0.02256558179401713,0.0
2013-08-31 15:10:00,243.70833333333334,0.06441615485824741,0.0,0.0,0.022058845600337523,0.0
2013-08-31 15:20:00,242.41176470588235,0.053389275119190366,0.0,0.0,0.018436680875251375,0.0
2013-08-31 15:30:00,240.14166666666668,0.0340828554323956,0.0,0.0,0.017576179271634042,0.0
2013-08-31 15:40:00,240.95833333333334,0.0410283305345766,0.0,0.0,0.007519414812455569,0.0
2013-08-31 15:50:00,240.85,0.04010699200061368,0.0,0.0,0.003735762728944029,0.0
2013-08-31 16:00:00,240.07563025210084,0.033521237955002496,0.0,0.0,0.005308053439779036,0.0
2013-08-31 16:10:00,239.89166666666668,0.031956689584789165,0.0,0.0,0.013912086794258826,0.0
2013-08-31 16:20:00,237.74166666666667,0.01367166329537376,0.0,0.0,1.5722907108715663e-06,0.0
2013-08-31 16:30:00,236.9327731092437,0.006792295870807325,0.0,0.0,0.0004251081009420286,0.0
2013-08-31 16:40:00,237.2689075630252,0.009651006254143701,0.0,0.0,0.0005911813072740157,0.0
2013-08-31 16:50:00,239.10833333333332,0.025294703262288772,0.0,0.0,0.0006979660513848724,0.0
2013-08-31 17:00:00,236.1344537815126,2.8587103834028475e-06,0.0,0.0,0.0012047022450644776,0.0
2013-08-31 17:10:00,236.225,0.0007729238198945974,0.0,0.0,0.006290735134050898,0.0
2013-08-31 17:20:00,236.26050420168067,0.0010748751041345739,0.0,0.0,0.004556957064790502,0.0
2013-08-31 17:30:00,236.28333333333333,0.0012690291843361315,0.0,0.0,0.008299008956577885,0.0
2013-08-31 17:40:00,236.39166666666668,0.00219036771829905,0.0,0.0,0.00498573384405781,0.0
2013-08-31 17:50:00,237.47899159663865,0.011437700243728905,0.0,0.0,0.00498573384405781,0.0
2013-08-31 18:00:00,237.10833333333332,0.008285376481437276,0.0,0.0,0.00498573384405781,0.0
2013-08-31 18:10:00,237.90833333333333,0.01508910719377797,0.0,0.0,0.00498573384405781,0.0
2013-08-31 18:20:00,237.2,0.009064970625559653,0.0,0.0,0.00498573384405781,0.0
2013-08-31 18:30:00,237.2,0.009064970625559653,0.0,0.0,0.00498573384405781,0.0
2013-08-31 18:40:00,237.2,0.009064970625559653,0.0,0.0,0.00498573384405781,0.0
2013-08-31 18:50:00,237.2,0.009064970625559653,0.0,0.0,0.00498573384405781,0.0
2013-08-31 19:00:00,237.2,0.009064970625559653,0.0,0.0,0.00498573384405781,0.0
2013-08-31 19:10:00,237.2,0.009064970625559653,0.0,0.0,0.00498573384405781,0.0
2013-08-31 19:20:00,237.2,0.009064970625559653,0.0,0.0,0.00498573384405781,0.0
2013-08-31 19:30:00,237.2,0.009064970625559653,0.0,0.0,0.00498573384405781,0.0
2013-08-31 19:40:00,237.2,0.009064970625559653,0.0,0.0,0.00498573384405781,0.0
2013-08-31 19:50:00,237.2,0.009064970625559653,0.0,0.0,0.00498573384405781,0.0
2013-08-31 20:00:00,237.2,0.009064970625559653,0.0,0.0,0.00498573384405781,0.0
2013-08-31 20:10:00,237.2,0.009064970625559653,0.0,0.0,0.00498573384405781,0.0
2013-08-31 20:20:00,237.2,0.009064970625559653,0.0,0.0,0.00498573384405781,0.0
2013-08-31 20:30:00,237.2,0.009064970625559653,0.0,0.0,0.00498573384405781,0.0
2013-08-31 20:40:00,237.2,0.009064970625559653,0.0,0.0,0.00498573384405781,0.0
2013-08-31 20:50:00,237.2,0.009064970625559653,0.0,0.0,0.00498573384405781,0.0
2013-08-31 21:00:00,237.2,0.009064970625559653,0.0,0.0,0.00498573384405781,0.0
2013-08-31 21:10:00,237.2,0.009064970625559653,0.0,0.0,0.00498573384405781,0.0
2013-08-31 21:20:00,237.2,0.009064970625559653,0.0,0.0,0.00498573384405781,0.0
2013-08-31 21:30:00,237.2,0.009064970625559653,0.0,0.0,0.00498573384405781,0.0
2013-08-31 21:40:00,237.2,0.009064970625559653,0.0,0.0,0.00498573384405781,0.0
2013-08-31 21:50:00,237.2,0.009064970625559653,0.0,0.0,0.00498573384405781,0.0
2013-08-31 22:00:00,237.2,0.009064970625559653,0.0,0.0,0.00498573384405781,0.0
2013-08-31 22:10:00,237.2,0.009064970625559653,0.0,0.0,0.00498573384405781,0.0
2013-08-31 22:20:00,237.2,0.009064970625559653,0.0,0.0,0.00498573384405781,0.0
2013-08-31 22:30:00,237.2,0.009064970625559653,0.0,0.0,0.00498573384405781,0.0
2013-08-31 22:40:00,237.2,0.009064970625559653,0.0,0.0,0.00498573384405781,0.0
2013-08-31 22:50:00,237.2,0.009064970625559653,0.0,0.0,0.00498573384405781,0.0
2013-08-31 23:00:00,237.2,0.009064970625559653,0.0,0.0,0.00498573384405781,0.0
2013-08-31 23:10:00,237.2,0.009064970625559653,0.0,0.0,0.00498573384405781,0.0
2013-08-31 23:20:00,237.2,0.009064970625559653,0.0,0.0,0.00498573384405781,0.0
2013-08-31 23:30:00,237.2,0.009064970625559653,0.0,0.0,0.00498573384405781,0.0
2013-08-31 23:40:00,237.2,0.009064970625559653,0.0,0.0,0.00498573384405781,0.0
2013-08-31 23:50:00,237.2,0.009064970625559653,0.0,0.0,0.00498573384405781,0.0
2013-09-01 00:00:00,237.2,0.009064970625559653,0.0,0.0,0.00498573384405781,0.0
2013-09-01 00:10:00,237.2,0.009064970625559653,0.0,0.0,0.00498573384405781,0.0
2013-09-01 00:20:00,237.2,0.009064970625559653,0.0,0.0,0.00498573384405781,0.0
2013-09-01 00:30:00,237.2,0.009064970625559653,0.0,0.0,0.00498573384405781,0.0
2013-09-01 00:40:00,237.2,0.009064970625559653,0.0,0.0,0.00498573384405781,0.0
2013-09-01 00:50:00,237.2,0.009064970625559653,0.0,0.0,0.00498573384405781,0.0
2013-09-01 01:00:00,237.2,0.009064970625559653,0.0,0.0,0.00498573384405781,0.0
2013-09-01 01:10:00,237.2,0.009064970625559653,0.0,0.0,0.00498573384405781,0.0
2013-09-01 01:20:00,237.2,0.009064970625559653,0.0,0.0,0.00498573384405781,0.0
2013-09-01 01:30:00,237.2,0.009064970625559653,0.0,0.0,0.00498573384405781,0.0
2013-09-01 01:40:00,237.2,0.009064970625559653,0.0,0.0,0.00498573384405781,0.0
2013-09-01 01:50:00,237.2,0.009064970625559653,0.0,0.0,0.00498573384405781,0.0
2013-09-01 02:00:00,237.2,0.009064970625559653,0.0,0.0,0.00498573384405781,0.0
2013-09-01 02:10:00,237.2,0.009064970625559653,0.0,0.0,0.00498573384405781,0.0
2013-09-01 02:20:00,237.2,0.009064970625559653,0.0,0.0,0.00498573384405781,0.0
2013-09-01 02:30:00,237.2,0.009064970625559653,0.0,0.0,0.00498573384405781,0.0
2013-09-01 02:40:00,237.2,0.009064970625559653,0.0,0.0,0.00498573384405781,0.0
2013-09-01 02:50:00,237.2,0.009064970625559653,0.0,0.0,0.00498573384405781,0.0
2013-09-01 03:00:00,237.2,0.009064970625559653,0.0,0.0,0.00498573384405781,0.0
2013-09-01 03:10:00,237.2,0.009064970625559653,0.0,0.0,0.00498573384405781,0.0
2013-09-01 03:20:00,237.2,0.009064970625559653,0.0,0.0,0.00498573384405781,0.0
2013-09-01 03:30:00,237.2,0.009064970625559653,0.0,0.0,0.00498573384405781,0.0
2013-09-01 03:40:00,237.2,0.009064970625559653,0.0,0.0,0.00498573384405781,0.0
2013-09-01 03:50:00,237.2,0.009064970625559653,0.0,0.0,0.00498573384405781,0.0
2013-09-01 04:00:00,237.2,0.009064970625559653,0.0,0.0,0.00498573384405781,0.0
2013-09-01 04:10:00,237.2,0.009064970625559653,0.0,0.0,0.00498573384405781,0.0
2013-09-01 04:20:00,237.2,0.009064970625559653,0.0,0.0,0.00498573384405781,0.0
2013-09-01 04:30:00,237.2,0.009064970625559653,0.0,0.0,0.00498573384405781,0.0
2013-09-01 04:40:00,237.2,0.009064970625559653,0.0,0.0,0.00498573384405781,0.0
2013-09-01 04:50:00,237.2,0.009064970625559653,0.0,0.0,0.00498573384405781,0.0
2013-09-01 05:00:00,237.2,0.009064970625559653,0.0,0.0,0.00498573384405781,0.0
2013-09-01 05:10:00,237.2,0.009064970625559653,0.0,0.0,0.00498573384405781,0.0
2013-09-01 05:20:00,237.2,0.009064970625559653,0.0,0.0,0.00498573384405781,0.0
2013-09-01 05:30:00,237.2,0.009064970625559653,0.0,0.0,0.00498573384405781,0.0
2013-09-01 05:40:00,237.2,0.009064970625559653,0.0,0.0,0.00498573384405781,0.0
2013-09-01 05:50:00,237.2,0.009064970625559653,0.0,0.0,0.00498573384405781,0.0
2013-09-01 06:00:00,237.2,0.009064970625559653,0.0,0.0,0.00498573384405781,0.0
2013-09-01 06:10:00,237.2,0.009064970625559653,0.0,0.0,0.00498573384405781,0.0
2013-09-01 06:20:00,237.2,0.009064970625559653,0.0,0.0,0.00498573384405781,0.0
2013-09-01 06:30:00,237.2,0.009064970625559653,0.0,0.0,0.00498573384405781,0.0
2013-09-01 06:40:00,237.2,0.009064970625559653,0.0,0.0,0.00498573384405781,0.0
2013-09-01 06:50:00,237.2,0.009064970625559653,0.0,0.0,0.00498573384405781,0.0
