datetime,PIR
2013-09-01 00:00:04,0.0
2013-09-01 00:00:14,0.0
2013-09-01 00:00:24,0.0
2013-09-01 00:00:34,0.0
2013-09-01 00:00:44,0.0
2013-09-01 00:00:54,0.0
2013-09-01 00:01:04,0.0
2013-09-01 00:01:14,0.0
2013-09-01 00:01:24,0.0
2013-09-01 00:01:34,0.0
2013-09-01 00:01:44,0.0
2013-09-01 00:01:54,0.0
2013-09-01 00:02:04,0.0
2013-09-01 00:02:14,0.0
2013-09-01 00:02:24,0.0
2013-09-01 00:02:34,0.0
2013-09-01 00:02:44,0.0
2013-09-01 00:02:54,0.0
2013-09-01 00:03:04,0.0
2013-09-01 00:03:14,0.0
2013-09-01 00:03:24,0.0
2013-09-01 00:03:34,0.0
2013-09-01 00:03:44,0.0
2013-09-01 00:03:54,0.0
2013-09-01 00:04:04,0.0
2013-09-01 00:04:14,0.0
2013-09-01 00:04:24,0.0
2013-09-01 00:04:34,0.0
2013-09-01 00:04:44,0.0
2013-09-01 00:04:54,0.0
2013-09-01 00:05:04,0.0
2013-09-01 00:05:14,0.0
2013-09-01 00:05:24,0.0
2013-09-01 00:05:34,0.0
2013-09-01 00:05:44,0.0
2013-09-01 00:05:54,0.0
2013-09-01 00:06:04,0.0
2013-09-01 00:06:14,0.0
2013-09-01 00:06:24,0.0
2013-09-01 00:06:34,0.0
2013-09-01 00:06:44,0.0
2013-09-01 00:06:54,0.0
2013-09-01 00:07:04,0.0
2013-09-01 00:07:14,0.0
2013-09-01 00:07:24,0.0
2013-09-01 00:07:34,0.0
2013-09-01 00:07:44,0.0
2013-09-01 00:07:54,0.0
2013-09-01 00:08:04,0.0
2013-09-01 00:08:14,0.0
2013-09-01 00:08:24,0.0
2013-09-01 00:08:34,0.0
2013-09-01 00:08:44,0.0
2013-09-01 00:08:54,0.0
2013-09-01 00:09:04,0.0
2013-09-01 00:09:14,0.0
2013-09-01 00:09:24,0.0
2013-09-01 00:09:34,0.0
2013-09-01 00:09:44,0.0
2013-09-01 00:09:54,0.0
2013-09-01 00:10:04,0.0
2013-09-01 00:10:14,0.0
2013-09-01 00:10:24,0.0
2013-09-01 00:10:34,0.0
2013-09-01 00:10:44,0.0
2013-09-01 00:10:54,0.0
2013-09-01 00:11:04,0.0
2013-09-01 00:11:14,0.0
2013-09-01 00:11:24,0.0
2013-09-01 00:11:34,0.0
2013-09-01 00:11:44,0.0
2013-09-01 00:11:54,0.0
2013-09-01 00:12:04,0.0
2013-09-01 00:12:14,0.0
2013-09-01 00:12:24,0.0
2013-09-01 00:12:34,0.0
2013-09-01 00:12:44,0.0
2013-09-01 00:12:54,0.0
2013-09-01 00:13:04,0.0
2013-09-01 00:13:14,0.0
2013-09-01 00:13:24,0.0
2013-09-01 00:13:34,0.0
2013-09-01 00:13:44,0.0
2013-09-01 00:13:54,0.0
2013-09-01 00:14:04,0.0
2013-09-01 00:14:14,0.0
2013-09-01 00:14:24,0.0
2013-09-01 00:14:34,0.0
2013-09-01 00:14:44,0.0
2013-09-01 00:14:54,0.0
2013-09-01 00:15:04,0.0
2013-09-01 00:15:14,0.0
2013-09-01 00:15:24,0.0
2013-09-01 00:15:34,0.0
2013-09-01 00:15:44,0.0
2013-09-01 00:15:54,0.0
2013-09-01 00:16:04,0.0
2013-09-01 00:16:14,0.0
2013-09-01 00:16:24,0.0
2013-09-01 00:16:34,0.0
2013-09-01 00:16:44,0.0
2013-09-01 00:16:54,0.0
2013-09-01 00:17:04,0.0
2013-09-01 00:17:14,0.0
2013-09-01 00:17:24,0.0
2013-09-01 00:17:34,0.0
2013-09-01 00:17:44,0.0
2013-09-01 00:17:54,0.0
2013-09-01 00:18:04,0.0
2013-09-01 00:18:14,0.0
2013-09-01 00:18:24,0.0
2013-09-01 00:18:34,0.0
2013-09-01 00:18:44,0.0
2013-09-01 00:18:54,0.0
2013-09-01 00:19:04,0.0
2013-09-01 00:19:14,0.0
2013-09-01 00:19:24,0.0
2013-09-01 00:19:34,0.0
2013-09-01 00:19:44,0.0
2013-09-01 00:19:54,0.0
2013-09-01 00:20:04,0.0
2013-09-01 00:20:14,0.0
2013-09-01 00:20:24,0.0
2013-09-01 00:20:34,0.0
2013-09-01 00:20:44,0.0
2013-09-01 00:20:54,0.0
2013-09-01 00:21:04,0.0
2013-09-01 00:21:14,0.0
2013-09-01 00:21:24,0.0
2013-09-01 00:21:34,0.0
2013-09-01 00:21:47,0.0
2013-09-01 00:21:54,0.0
2013-09-01 00:22:04,0.0
2013-09-01 00:22:14,0.0
2013-09-01 00:22:24,0.0
2013-09-01 00:22:34,0.0
2013-09-01 00:22:44,0.0
2013-09-01 00:22:54,0.0
2013-09-01 00:23:04,0.0
2013-09-01 00:23:14,0.0
2013-09-01 00:23:24,0.0
2013-09-01 00:23:34,0.0
2013-09-01 00:23:44,0.0
2013-09-01 00:23:54,0.0
2013-09-01 00:24:04,0.0
2013-09-01 00:24:14,0.0
2013-09-01 00:24:24,0.0
2013-09-01 00:24:34,0.0
2013-09-01 00:24:44,0.0
2013-09-01 00:24:54,0.0
2013-09-01 00:25:04,0.0
2013-09-01 00:25:14,0.0
2013-09-01 00:25:24,0.0
2013-09-01 00:25:34,0.0
2013-09-01 00:25:44,0.0
2013-09-01 00:25:54,0.0
2013-09-01 00:26:04,0.0
2013-09-01 00:26:14,0.0
2013-09-01 00:26:24,0.0
2013-09-01 00:26:34,0.0
2013-09-01 00:26:44,0.0
2013-09-01 00:26:54,0.0
2013-09-01 00:27:04,0.0
2013-09-01 00:27:14,0.0
2013-09-01 00:27:24,0.0
2013-09-01 00:27:34,0.0
2013-09-01 00:27:44,0.0
2013-09-01 00:27:54,0.0
2013-09-01 00:28:04,0.0
2013-09-01 00:28:14,0.0
2013-09-01 00:28:24,0.0
2013-09-01 00:28:34,0.0
2013-09-01 00:28:44,0.0
2013-09-01 00:28:54,0.0
2013-09-01 00:29:04,0.0
2013-09-01 00:29:14,0.0
2013-09-01 00:29:24,0.0
2013-09-01 00:29:34,0.0
2013-09-01 00:29:44,0.0
2013-09-01 00:29:54,0.0
2013-09-01 00:30:04,0.0
2013-09-01 00:30:14,0.0
2013-09-01 00:30:24,0.0
2013-09-01 00:30:34,0.0
2013-09-01 00:30:44,0.0
2013-09-01 00:30:54,0.0
2013-09-01 00:31:04,0.0
2013-09-01 00:31:14,0.0
2013-09-01 00:31:24,0.0
2013-09-01 00:31:34,0.0
2013-09-01 00:31:44,0.0
2013-09-01 00:31:54,0.0
2013-09-01 00:32:04,0.0
2013-09-01 00:32:14,0.0
2013-09-01 00:32:24,0.0
2013-09-01 00:32:34,0.0
2013-09-01 00:32:44,0.0
2013-09-01 00:32:54,0.0
2013-09-01 00:33:04,0.0
2013-09-01 00:33:14,0.0
2013-09-01 00:33:24,0.0
2013-09-01 00:33:34,0.0
2013-09-01 00:33:44,0.0
2013-09-01 00:33:54,0.0
2013-09-01 00:34:04,0.0
2013-09-01 00:34:14,0.0
2013-09-01 00:34:24,0.0
2013-09-01 00:34:34,0.0
2013-09-01 00:34:44,0.0
2013-09-01 00:34:54,0.0
2013-09-01 00:35:04,0.0
2013-09-01 00:35:14,0.0
2013-09-01 00:35:24,0.0
2013-09-01 00:35:34,0.0
2013-09-01 00:35:44,0.0
2013-09-01 00:35:54,0.0
2013-09-01 00:36:04,0.0
2013-09-01 00:36:14,0.0
2013-09-01 00:36:24,0.0
2013-09-01 00:36:34,0.0
2013-09-01 00:36:44,0.0
2013-09-01 00:36:54,0.0
2013-09-01 00:37:04,0.0
2013-09-01 00:37:14,0.0
2013-09-01 00:37:24,0.0
2013-09-01 00:37:34,0.0
2013-09-01 00:37:44,0.0
2013-09-01 00:37:54,0.0
2013-09-01 00:38:04,0.0
2013-09-01 00:38:15,0.0
2013-09-01 00:38:24,0.0
2013-09-01 00:38:34,0.0
2013-09-01 00:38:44,0.0
2013-09-01 00:38:54,0.0
2013-09-01 00:39:04,0.0
2013-09-01 00:39:14,0.0
2013-09-01 00:39:24,0.0
2013-09-01 00:39:34,0.0
2013-09-01 00:39:44,0.0
2013-09-01 00:39:54,0.0
2013-09-01 00:40:04,0.0
2013-09-01 00:40:14,0.0
2013-09-01 00:40:24,0.0
2013-09-01 00:40:34,0.0
2013-09-01 00:40:44,0.0
2013-09-01 00:40:54,0.0
2013-09-01 00:41:04,0.0
2013-09-01 00:41:14,0.0
2013-09-01 00:41:24,0.0
2013-09-01 00:41:34,0.0
2013-09-01 00:41:44,0.0
2013-09-01 00:41:54,0.0
2013-09-01 00:42:04,0.0
2013-09-01 00:42:14,0.0
2013-09-01 00:42:24,0.0
2013-09-01 00:42:34,0.0
2013-09-01 00:42:44,0.0
2013-09-01 00:42:54,0.0
2013-09-01 00:43:04,0.0
2013-09-01 00:43:14,0.0
2013-09-01 00:43:24,0.0
2013-09-01 00:43:34,0.0
2013-09-01 00:43:44,0.0
2013-09-01 00:43:54,0.0
2013-09-01 00:44:04,0.0
2013-09-01 00:44:14,0.0
2013-09-01 00:44:24,0.0
2013-09-01 00:44:34,0.0
2013-09-01 00:44:44,0.0
2013-09-01 00:44:54,0.0
2013-09-01 00:45:04,0.0
2013-09-01 00:45:14,0.0
2013-09-01 00:45:24,0.0
2013-09-01 00:45:34,0.0
2013-09-01 00:45:44,0.0
2013-09-01 00:45:54,0.0
2013-09-01 00:46:04,0.0
2013-09-01 00:46:14,0.0
2013-09-01 00:46:24,0.0
2013-09-01 00:46:34,0.0
2013-09-01 00:46:44,0.0
2013-09-01 00:46:54,0.0
2013-09-01 00:47:04,0.0
2013-09-01 00:47:14,0.0
2013-09-01 00:47:24,0.0
2013-09-01 00:47:34,0.0
2013-09-01 00:47:44,0.0
2013-09-01 00:47:54,0.0
2013-09-01 00:48:04,0.0
2013-09-01 00:48:14,0.0
2013-09-01 00:48:24,0.0
2013-09-01 00:48:34,0.0
2013-09-01 00:48:44,0.0
2013-09-01 00:48:54,0.0
2013-09-01 00:49:04,0.0
2013-09-01 00:49:14,0.0
2013-09-01 00:49:24,0.0
2013-09-01 00:49:34,0.0
2013-09-01 00:49:44,0.0
2013-09-01 00:49:54,0.0
2013-09-01 00:50:04,0.0
2013-09-01 00:50:14,0.0
2013-09-01 00:50:24,0.0
2013-09-01 00:50:34,0.0
2013-09-01 00:50:44,0.0
2013-09-01 00:50:54,0.0
2013-09-01 00:51:04,0.0
2013-09-01 00:51:14,0.0
2013-09-01 00:51:24,0.0
2013-09-01 00:51:34,0.0
2013-09-01 00:51:44,0.0
2013-09-01 00:51:54,0.0
2013-09-01 00:52:04,0.0
2013-09-01 00:52:14,0.0
2013-09-01 00:52:24,0.0
2013-09-01 00:52:34,0.0
2013-09-01 00:52:44,0.0
2013-09-01 00:52:54,0.0
2013-09-01 00:53:04,0.0
2013-09-01 00:53:14,0.0
2013-09-01 00:53:24,0.0
2013-09-01 00:53:34,0.0
2013-09-01 00:53:44,0.0
2013-09-01 00:53:54,0.0
2013-09-01 00:54:04,0.0
2013-09-01 00:54:16,0.0
2013-09-01 00:54:24,0.0
2013-09-01 00:54:34,0.0
2013-09-01 00:54:44,0.0
2013-09-01 00:54:54,0.0
2013-09-01 00:55:04,0.0
2013-09-01 00:55:14,0.0
2013-09-01 00:55:24,0.0
2013-09-01 00:55:34,0.0
2013-09-01 00:55:44,0.0
2013-09-01 00:55:54,0.0
2013-09-01 00:56:04,0.0
2013-09-01 00:56:14,0.0
2013-09-01 00:56:24,0.0
2013-09-01 00:56:34,0.0
2013-09-01 00:56:44,0.0
2013-09-01 00:56:54,0.0
2013-09-01 00:57:04,0.0
2013-09-01 00:57:14,0.0
2013-09-01 00:57:24,0.0
2013-09-01 00:57:34,0.0
2013-09-01 00:57:44,0.0
2013-09-01 00:57:54,0.0
2013-09-01 00:58:04,0.0
2013-09-01 00:58:14,0.0
2013-09-01 00:58:24,0.0
2013-09-01 00:58:34,0.0
2013-09-01 00:58:44,0.0
2013-09-01 00:58:54,0.0
2013-09-01 00:59:04,0.0
2013-09-01 00:59:14,0.0
2013-09-01 00:59:24,0.0
2013-09-01 00:59:34,0.0
2013-09-01 00:59:44,0.0
2013-09-01 00:59:54,0.0
2013-09-01 01:00:04,0.0
2013-09-01 01:00:14,0.0
2013-09-01 01:00:24,0.0
2013-09-01 01:00:34,0.0
2013-09-01 01:00:44,0.0
2013-09-01 01:00:54,0.0
2013-09-01 01:01:04,0.0
2013-09-01 01:01:14,0.0
2013-09-01 01:01:24,0.0
2013-09-01 01:01:34,0.0
2013-09-01 01:01:44,0.0
2013-09-01 01:01:54,0.0
2013-09-01 01:02:04,0.0
2013-09-01 01:02:14,0.0
2013-09-01 01:02:24,0.0
2013-09-01 01:02:34,0.0
2013-09-01 01:02:44,0.0
2013-09-01 01:02:54,0.0
2013-09-01 01:03:04,0.0
2013-09-01 01:03:14,0.0
2013-09-01 01:03:24,0.0
2013-09-01 01:03:34,0.0
2013-09-01 01:03:44,0.0
2013-09-01 01:03:54,0.0
2013-09-01 01:04:04,0.0
2013-09-01 01:04:14,0.0
2013-09-01 01:04:24,0.0
2013-09-01 01:04:34,0.0
2013-09-01 01:04:44,0.0
2013-09-01 01:04:54,0.0
2013-09-01 01:05:04,0.0
2013-09-01 01:05:14,0.0
2013-09-01 01:05:24,0.0
2013-09-01 01:05:34,0.0
2013-09-01 01:05:44,0.0
2013-09-01 01:05:54,0.0
2013-09-01 01:06:04,0.0
2013-09-01 01:06:14,0.0
2013-09-01 01:06:24,0.0
2013-09-01 01:06:34,0.0
2013-09-01 01:06:44,0.0
2013-09-01 01:06:54,0.0
2013-09-01 01:07:04,0.0
2013-09-01 01:07:14,0.0
2013-09-01 01:07:24,0.0
2013-09-01 01:07:34,0.0
2013-09-01 01:07:44,0.0
2013-09-01 01:07:54,0.0
2013-09-01 01:08:04,0.0
2013-09-01 01:08:14,0.0
2013-09-01 01:08:24,0.0
2013-09-01 01:08:34,0.0
2013-09-01 01:08:44,0.0
2013-09-01 01:08:54,0.0
2013-09-01 01:09:04,0.0
2013-09-01 01:09:14,0.0
2013-09-01 01:09:24,0.0
2013-09-01 01:09:34,0.0
2013-09-01 01:09:44,0.0
2013-09-01 01:09:54,0.0
2013-09-01 01:10:04,0.0
2013-09-01 01:10:14,0.0
2013-09-01 01:10:24,0.0
2013-09-01 01:10:34,0.0
2013-09-01 01:10:44,0.0
2013-09-01 01:10:54,0.0
2013-09-01 01:11:04,0.0
2013-09-01 01:11:14,0.0
2013-09-01 01:11:24,0.0
2013-09-01 01:11:34,0.0
2013-09-01 01:11:44,0.0
2013-09-01 01:11:54,0.0
2013-09-01 01:12:04,0.0
2013-09-01 01:12:14,0.0
2013-09-01 01:12:24,0.0
2013-09-01 01:12:34,0.0
2013-09-01 01:12:44,0.0
2013-09-01 01:12:54,0.0
2013-09-01 01:13:04,0.0
2013-09-01 01:13:14,0.0
2013-09-01 01:13:24,0.0
2013-09-01 01:13:34,0.0
2013-09-01 01:13:44,0.0
2013-09-01 01:13:54,0.0
2013-09-01 01:14:04,0.0
2013-09-01 01:14:14,0.0
2013-09-01 01:14:24,0.0
2013-09-01 01:14:34,0.0
2013-09-01 01:14:44,0.0
2013-09-01 01:14:54,0.0
2013-09-01 01:15:04,0.0
2013-09-01 01:15:14,0.0
2013-09-01 01:15:24,0.0
2013-09-01 01:15:34,0.0
2013-09-01 01:15:44,0.0
2013-09-01 01:15:54,0.0
2013-09-01 01:16:04,0.0
2013-09-01 01:16:14,0.0
2013-09-01 01:16:24,0.0
2013-09-01 01:16:34,0.0
2013-09-01 01:16:44,0.0
2013-09-01 01:16:54,0.0
2013-09-01 01:17:04,0.0
2013-09-01 01:17:14,0.0
2013-09-01 01:17:24,0.0
2013-09-01 01:17:34,0.0
2013-09-01 01:17:44,0.0
2013-09-01 01:17:54,0.0
2013-09-01 01:18:04,0.0
2013-09-01 01:18:14,0.0
2013-09-01 01:18:24,0.0
2013-09-01 01:18:34,0.0
2013-09-01 01:18:44,0.0
2013-09-01 01:18:54,0.0
2013-09-01 01:19:04,0.0
2013-09-01 01:19:14,0.0
2013-09-01 01:19:24,0.0
2013-09-01 01:19:34,0.0
2013-09-01 01:19:44,0.0
2013-09-01 01:19:54,0.0
2013-09-01 01:20:04,0.0
2013-09-01 01:20:14,0.0
2013-09-01 01:20:24,0.0
2013-09-01 01:20:34,0.0
2013-09-01 01:20:44,0.0
2013-09-01 01:20:54,0.0
2013-09-01 01:21:04,0.0
2013-09-01 01:21:14,0.0
2013-09-01 01:21:24,0.0
2013-09-01 01:21:34,0.0
2013-09-01 01:21:44,0.0
2013-09-01 01:21:54,0.0
2013-09-01 01:22:04,0.0
2013-09-01 01:22:14,0.0
2013-09-01 01:22:24,0.0
2013-09-01 01:22:34,0.0
2013-09-01 01:22:44,0.0
2013-09-01 01:22:54,0.0
2013-09-01 01:23:04,0.0
2013-09-01 01:23:14,0.0
2013-09-01 01:23:24,0.0
2013-09-01 01:23:34,0.0
2013-09-01 01:23:44,0.0
2013-09-01 01:23:54,0.0
2013-09-01 01:24:04,0.0
2013-09-01 01:24:14,0.0
2013-09-01 01:24:24,0.0
2013-09-01 01:24:34,0.0
2013-09-01 01:24:44,0.0
2013-09-01 01:24:54,0.0
2013-09-01 01:25:04,0.0
2013-09-01 01:25:14,0.0
2013-09-01 01:25:24,0.0
2013-09-01 01:25:34,0.0
2013-09-01 01:25:44,0.0
2013-09-01 01:25:54,0.0
2013-09-01 01:26:04,0.0
2013-09-01 01:26:14,0.0
2013-09-01 01:26:31,0.0
2013-09-01 01:26:34,0.0
2013-09-01 01:26:44,0.0
2013-09-01 01:26:54,0.0
2013-09-01 01:27:04,0.0
2013-09-01 01:27:14,0.0
2013-09-01 01:27:24,0.0
2013-09-01 01:27:34,0.0
2013-09-01 01:27:44,0.0
2013-09-01 01:27:54,0.0
2013-09-01 01:28:04,0.0
2013-09-01 01:28:14,0.0
2013-09-01 01:28:24,0.0
2013-09-01 01:28:34,0.0
2013-09-01 01:28:44,0.0
2013-09-01 01:28:54,0.0
2013-09-01 01:29:04,0.0
2013-09-01 01:29:14,0.0
2013-09-01 01:29:24,0.0
2013-09-01 01:29:34,0.0
2013-09-01 01:29:44,0.0
2013-09-01 01:29:54,0.0
2013-09-01 01:30:04,0.0
2013-09-01 01:30:14,0.0
2013-09-01 01:30:24,0.0
2013-09-01 01:30:34,0.0
2013-09-01 01:30:44,0.0
2013-09-01 01:30:54,0.0
2013-09-01 01:31:04,0.0
2013-09-01 01:31:14,0.0
2013-09-01 01:31:24,0.0
2013-09-01 01:31:34,0.0
2013-09-01 01:31:44,0.0
2013-09-01 01:31:54,0.0
2013-09-01 01:32:04,0.0
2013-09-01 01:32:14,0.0
2013-09-01 01:32:24,0.0
2013-09-01 01:32:34,0.0
2013-09-01 01:32:44,0.0
2013-09-01 01:32:54,0.0
2013-09-01 01:33:04,0.0
2013-09-01 01:33:14,0.0
2013-09-01 01:33:24,0.0
2013-09-01 01:33:34,0.0
2013-09-01 01:33:44,0.0
2013-09-01 01:33:54,0.0
2013-09-01 01:34:04,0.0
2013-09-01 01:34:14,0.0
2013-09-01 01:34:24,0.0
2013-09-01 01:34:34,0.0
2013-09-01 01:34:44,0.0
2013-09-01 01:34:54,0.0
2013-09-01 01:35:04,0.0
2013-09-01 01:35:14,0.0
2013-09-01 01:35:24,0.0
2013-09-01 01:35:34,0.0
2013-09-01 01:35:44,0.0
2013-09-01 01:35:54,0.0
2013-09-01 01:36:04,0.0
2013-09-01 01:36:14,0.0
2013-09-01 01:36:24,0.0
2013-09-01 01:36:34,0.0
2013-09-01 01:36:44,0.0
2013-09-01 01:36:54,0.0
2013-09-01 01:37:04,0.0
2013-09-01 01:37:14,0.0
2013-09-01 01:37:24,0.0
2013-09-01 01:37:34,0.0
2013-09-01 01:37:44,0.0
2013-09-01 01:37:54,0.0
2013-09-01 01:38:04,0.0
2013-09-01 01:38:14,0.0
2013-09-01 01:38:24,0.0
2013-09-01 01:38:34,0.0
2013-09-01 01:38:44,0.0
2013-09-01 01:38:54,0.0
2013-09-01 01:39:04,0.0
2013-09-01 01:39:14,0.0
2013-09-01 01:39:24,0.0
2013-09-01 01:39:34,0.0
2013-09-01 01:39:44,0.0
2013-09-01 01:39:54,0.0
2013-09-01 01:40:04,0.0
2013-09-01 01:40:14,0.0
2013-09-01 01:40:24,0.0
2013-09-01 01:40:34,0.0
2013-09-01 01:40:44,0.0
2013-09-01 01:40:54,0.0
2013-09-01 01:41:04,0.0
2013-09-01 01:41:14,0.0
2013-09-01 01:41:24,0.0
2013-09-01 01:41:34,0.0
2013-09-01 01:41:44,0.0
2013-09-01 01:41:54,0.0
2013-09-01 01:42:04,0.0
2013-09-01 01:42:14,0.0
2013-09-01 01:42:24,0.0
2013-09-01 01:42:34,0.0
2013-09-01 01:42:44,0.0
2013-09-01 01:42:54,0.0
2013-09-01 01:43:04,0.0
2013-09-01 01:43:14,0.0
2013-09-01 01:43:24,0.0
2013-09-01 01:43:34,0.0
2013-09-01 01:43:44,0.0
2013-09-01 01:43:54,0.0
2013-09-01 01:44:04,0.0
2013-09-01 01:44:14,0.0
2013-09-01 01:44:24,0.0
2013-09-01 01:44:34,0.0
2013-09-01 01:44:44,0.0
2013-09-01 01:44:54,0.0
2013-09-01 01:45:04,0.0
2013-09-01 01:45:14,0.0
2013-09-01 01:45:24,0.0
2013-09-01 01:45:34,0.0
2013-09-01 01:45:44,0.0
2013-09-01 01:45:54,0.0
2013-09-01 01:46:04,0.0
2013-09-01 01:46:14,0.0
2013-09-01 01:46:24,0.0
2013-09-01 01:46:34,0.0
2013-09-01 01:46:44,0.0
2013-09-01 01:46:54,0.0
2013-09-01 01:47:04,0.0
2013-09-01 01:47:14,0.0
2013-09-01 01:47:24,0.0
2013-09-01 01:47:34,0.0
2013-09-01 01:47:44,0.0
2013-09-01 01:47:54,0.0
2013-09-01 01:48:04,0.0
2013-09-01 01:48:14,0.0
2013-09-01 01:48:25,0.0
2013-09-01 01:48:34,0.0
2013-09-01 01:48:44,0.0
2013-09-01 01:48:54,0.0
2013-09-01 01:49:04,0.0
2013-09-01 01:49:14,0.0
2013-09-01 01:49:24,0.0
2013-09-01 01:49:34,0.0
2013-09-01 01:49:44,0.0
2013-09-01 01:49:54,0.0
2013-09-01 01:50:04,0.0
2013-09-01 01:50:14,0.0
2013-09-01 01:50:24,0.0
2013-09-01 01:50:34,0.0
2013-09-01 01:50:44,0.0
2013-09-01 01:50:54,0.0
2013-09-01 01:51:04,0.0
2013-09-01 01:51:14,0.0
2013-09-01 01:51:24,0.0
2013-09-01 01:51:34,0.0
2013-09-01 01:51:44,0.0
2013-09-01 01:51:54,0.0
2013-09-01 01:52:04,0.0
2013-09-01 01:52:14,0.0
2013-09-01 01:52:24,0.0
2013-09-01 01:52:34,0.0
2013-09-01 01:52:44,0.0
2013-09-01 01:52:54,0.0
2013-09-01 01:53:04,0.0
2013-09-01 01:53:14,0.0
2013-09-01 01:53:24,0.0
2013-09-01 01:53:34,0.0
2013-09-01 01:53:44,0.0
2013-09-01 01:53:54,0.0
2013-09-01 01:54:04,0.0
2013-09-01 01:54:14,0.0
2013-09-01 01:54:24,0.0
2013-09-01 01:54:34,0.0
2013-09-01 01:54:44,0.0
2013-09-01 01:54:54,0.0
2013-09-01 01:55:04,0.0
2013-09-01 01:55:14,0.0
2013-09-01 01:55:24,0.0
2013-09-01 01:55:34,0.0
2013-09-01 01:55:44,0.0
2013-09-01 01:55:54,0.0
2013-09-01 01:56:04,0.0
2013-09-01 01:56:14,0.0
2013-09-01 01:56:24,0.0
2013-09-01 01:56:34,0.0
2013-09-01 01:56:44,0.0
2013-09-01 01:56:54,0.0
2013-09-01 01:57:04,0.0
2013-09-01 01:57:14,0.0
2013-09-01 01:57:24,0.0
2013-09-01 01:57:34,0.0
2013-09-01 01:57:44,0.0
2013-09-01 01:57:54,0.0
2013-09-01 01:58:04,0.0
2013-09-01 01:58:14,0.0
2013-09-01 01:58:27,0.0
2013-09-01 01:58:34,0.0
2013-09-01 01:58:44,0.0
2013-09-01 01:58:54,0.0
2013-09-01 01:59:04,0.0
2013-09-01 01:59:14,0.0
2013-09-01 01:59:24,0.0
2013-09-01 01:59:34,0.0
2013-09-01 01:59:44,0.0
2013-09-01 01:59:54,0.0
2013-09-01 02:00:04,0.0
2013-09-01 02:00:14,0.0
2013-09-01 02:00:24,0.0
2013-09-01 02:00:34,0.0
2013-09-01 02:00:44,0.0
2013-09-01 02:00:54,0.0
2013-09-01 02:01:04,0.0
2013-09-01 02:01:14,0.0
2013-09-01 02:01:24,0.0
2013-09-01 02:01:34,0.0
2013-09-01 02:01:44,0.0
2013-09-01 02:01:54,0.0
2013-09-01 02:02:04,0.0
2013-09-01 02:02:14,0.0
2013-09-01 02:02:24,0.0
2013-09-01 02:02:34,0.0
2013-09-01 02:02:44,0.0
2013-09-01 02:02:54,0.0
2013-09-01 02:03:04,0.0
2013-09-01 02:03:14,0.0
2013-09-01 02:03:24,0.0
2013-09-01 02:03:34,0.0
2013-09-01 02:03:44,0.0
2013-09-01 02:03:54,0.0
2013-09-01 02:04:04,0.0
2013-09-01 02:04:14,0.0
2013-09-01 02:04:24,0.0
2013-09-01 02:04:34,0.0
2013-09-01 02:04:44,0.0
2013-09-01 02:04:54,0.0
2013-09-01 02:05:04,0.0
2013-09-01 02:05:14,0.0
2013-09-01 02:05:24,0.0
2013-09-01 02:05:34,0.0
2013-09-01 02:05:44,0.0
2013-09-01 02:05:54,0.0
2013-09-01 02:06:04,0.0
2013-09-01 02:06:14,0.0
2013-09-01 02:06:24,0.0
2013-09-01 02:06:34,0.0
2013-09-01 02:06:44,0.0
2013-09-01 02:06:54,0.0
2013-09-01 02:07:04,0.0
2013-09-01 02:07:14,0.0
2013-09-01 02:07:24,0.0
2013-09-01 02:07:34,0.0
2013-09-01 02:07:44,0.0
2013-09-01 02:07:54,0.0
2013-09-01 02:08:04,0.0
2013-09-01 02:08:14,0.0
2013-09-01 02:08:24,0.0
2013-09-01 02:08:34,0.0
2013-09-01 02:08:44,0.0
2013-09-01 02:08:54,0.0
2013-09-01 02:09:04,0.0
2013-09-01 02:09:14,0.0
2013-09-01 02:09:24,0.0
2013-09-01 02:09:34,0.0
2013-09-01 02:09:44,0.0
2013-09-01 02:09:54,0.0
2013-09-01 02:10:04,0.0
2013-09-01 02:10:14,0.0
2013-09-01 02:10:24,0.0
2013-09-01 02:10:34,0.0
2013-09-01 02:10:44,0.0
2013-09-01 02:10:54,0.0
2013-09-01 02:11:04,0.0
2013-09-01 02:11:14,0.0
2013-09-01 02:11:24,0.0
2013-09-01 02:11:34,0.0
2013-09-01 02:11:44,0.0
2013-09-01 02:11:54,0.0
2013-09-01 02:12:04,0.0
2013-09-01 02:12:14,0.0
2013-09-01 02:12:24,0.0
2013-09-01 02:12:34,0.0
2013-09-01 02:12:44,0.0
2013-09-01 02:12:54,0.0
2013-09-01 02:13:04,0.0
2013-09-01 02:13:14,0.0
2013-09-01 02:13:24,0.0
2013-09-01 02:13:34,0.0
2013-09-01 02:13:44,0.0
2013-09-01 02:13:54,0.0
2013-09-01 02:14:04,0.0
2013-09-01 02:14:14,0.0
2013-09-01 02:14:24,0.0
2013-09-01 02:14:34,0.0
2013-09-01 02:14:44,0.0
2013-09-01 02:14:54,0.0
2013-09-01 02:15:04,0.0
2013-09-01 02:15:14,0.0
2013-09-01 02:15:24,0.0
2013-09-01 02:15:34,0.0
2013-09-01 02:15:44,0.0
2013-09-01 02:15:54,0.0
2013-09-01 02:16:04,0.0
2013-09-01 02:16:14,0.0
2013-09-01 02:16:24,0.0
2013-09-01 02:16:34,0.0
2013-09-01 02:16:44,0.0
2013-09-01 02:16:54,0.0
2013-09-01 02:17:04,0.0
2013-09-01 02:17:14,0.0
2013-09-01 02:17:24,0.0
2013-09-01 02:17:34,0.0
2013-09-01 02:17:44,0.0
2013-09-01 02:17:54,0.0
2013-09-01 02:18:04,0.0
2013-09-01 02:18:14,0.0
2013-09-01 02:18:24,0.0
2013-09-01 02:18:34,0.0
2013-09-01 02:18:44,0.0
2013-09-01 02:18:54,0.0
2013-09-01 02:19:04,0.0
2013-09-01 02:19:14,0.0
2013-09-01 02:19:24,0.0
2013-09-01 02:19:34,0.0
2013-09-01 02:19:44,0.0
2013-09-01 02:19:54,0.0
2013-09-01 02:20:04,0.0
2013-09-01 02:20:14,0.0
2013-09-01 02:20:24,0.0
2013-09-01 02:20:34,0.0
2013-09-01 02:20:44,0.0
2013-09-01 02:20:54,0.0
2013-09-01 02:21:04,0.0
2013-09-01 02:21:14,0.0
2013-09-01 02:21:24,0.0
2013-09-01 02:21:34,0.0
2013-09-01 02:21:44,0.0
2013-09-01 02:21:54,0.0
2013-09-01 02:22:04,0.0
2013-09-01 02:22:14,0.0
2013-09-01 02:22:24,0.0
2013-09-01 02:22:34,0.0
2013-09-01 02:22:44,0.0
2013-09-01 02:22:54,0.0
2013-09-01 02:23:04,0.0
2013-09-01 02:23:14,0.0
2013-09-01 02:23:24,0.0
2013-09-01 02:23:34,0.0
2013-09-01 02:23:44,0.0
2013-09-01 02:23:54,0.0
2013-09-01 02:24:04,0.0
2013-09-01 02:24:14,0.0
2013-09-01 02:24:24,0.0
2013-09-01 02:24:34,0.0
2013-09-01 02:24:44,0.0
2013-09-01 02:24:54,0.0
2013-09-01 02:25:04,0.0
2013-09-01 02:25:14,0.0
2013-09-01 02:25:24,0.0
2013-09-01 02:25:34,0.0
2013-09-01 02:25:44,0.0
2013-09-01 02:25:54,0.0
2013-09-01 02:26:04,0.0
2013-09-01 02:26:14,0.0
2013-09-01 02:26:24,0.0
2013-09-01 02:26:34,0.0
2013-09-01 02:26:44,0.0
2013-09-01 02:26:54,0.0
2013-09-01 02:27:04,0.0
2013-09-01 02:27:14,0.0
2013-09-01 02:27:24,0.0
2013-09-01 02:27:34,0.0
2013-09-01 02:27:44,0.0
2013-09-01 02:27:54,0.0
2013-09-01 02:28:04,0.0
2013-09-01 02:28:14,0.0
2013-09-01 02:28:24,0.0
2013-09-01 02:28:34,0.0
2013-09-01 02:28:44,0.0
2013-09-01 02:28:54,0.0
2013-09-01 02:29:04,0.0
2013-09-01 02:29:14,0.0
2013-09-01 02:29:24,0.0
2013-09-01 02:29:34,0.0
2013-09-01 02:29:44,0.0
2013-09-01 02:29:54,0.0
2013-09-01 02:30:04,0.0
2013-09-01 02:30:14,0.0
2013-09-01 02:30:24,0.0
2013-09-01 02:30:34,0.0
2013-09-01 02:30:44,0.0
2013-09-01 02:30:54,0.0
2013-09-01 02:31:04,0.0
2013-09-01 02:31:14,0.0
2013-09-01 02:31:24,0.0
2013-09-01 02:31:41,0.0
2013-09-01 02:31:44,0.0
2013-09-01 02:31:54,0.0
2013-09-01 02:32:04,0.0
2013-09-01 02:32:14,0.0
2013-09-01 02:32:24,0.0
2013-09-01 02:32:34,0.0
2013-09-01 02:32:44,0.0
2013-09-01 02:32:54,0.0
2013-09-01 02:33:04,0.0
2013-09-01 02:33:14,0.0
2013-09-01 02:33:24,0.0
2013-09-01 02:33:34,0.0
2013-09-01 02:33:44,0.0
2013-09-01 02:33:54,0.0
2013-09-01 02:34:04,0.0
2013-09-01 02:34:14,0.0
2013-09-01 02:34:24,0.0
2013-09-01 02:34:34,0.0
2013-09-01 02:34:44,0.0
2013-09-01 02:34:54,0.0
2013-09-01 02:35:04,0.0
2013-09-01 02:35:14,0.0
2013-09-01 02:35:24,0.0
2013-09-01 02:35:34,0.0
2013-09-01 02:35:44,0.0
2013-09-01 02:35:54,0.0
2013-09-01 02:36:04,0.0
2013-09-01 02:36:14,0.0
2013-09-01 02:36:24,0.0
2013-09-01 02:36:34,0.0
2013-09-01 02:36:44,0.0
2013-09-01 02:36:54,0.0
2013-09-01 02:37:04,0.0
2013-09-01 02:37:14,0.0
2013-09-01 02:37:24,0.0
2013-09-01 02:37:34,0.0
2013-09-01 02:37:44,0.0
2013-09-01 02:37:54,0.0
2013-09-01 02:38:04,0.0
2013-09-01 02:38:14,0.0
2013-09-01 02:38:24,0.0
2013-09-01 02:38:34,0.0
2013-09-01 02:38:44,0.0
2013-09-01 02:38:54,0.0
2013-09-01 02:39:04,0.0
2013-09-01 02:39:14,0.0
2013-09-01 02:39:24,0.0
2013-09-01 02:39:34,0.0
2013-09-01 02:39:44,0.0
2013-09-01 02:39:54,0.0
2013-09-01 02:40:04,0.0
2013-09-01 02:40:14,0.0
2013-09-01 02:40:24,0.0
2013-09-01 02:40:34,0.0
2013-09-01 02:40:44,0.0
2013-09-01 02:40:54,0.0
2013-09-01 02:41:04,0.0
2013-09-01 02:41:14,0.0
2013-09-01 02:41:24,0.0
2013-09-01 02:41:34,0.0
2013-09-01 02:41:44,0.0
2013-09-01 02:41:54,0.0
2013-09-01 02:42:04,0.0
2013-09-01 02:42:14,0.0
2013-09-01 02:42:24,0.0
2013-09-01 02:42:34,0.0
2013-09-01 02:42:44,0.0
2013-09-01 02:42:54,0.0
2013-09-01 02:43:04,0.0
2013-09-01 02:43:14,0.0
2013-09-01 02:43:24,0.0
2013-09-01 02:43:34,0.0
2013-09-01 02:43:44,0.0
2013-09-01 02:43:54,0.0
2013-09-01 02:44:04,0.0
2013-09-01 02:44:14,0.0
2013-09-01 02:44:24,0.0
2013-09-01 02:44:34,0.0
2013-09-01 02:44:44,0.0
2013-09-01 02:44:54,0.0
2013-09-01 02:45:04,0.0
2013-09-01 02:45:14,0.0
2013-09-01 02:45:24,0.0
2013-09-01 02:45:34,0.0
2013-09-01 02:45:44,0.0
2013-09-01 02:45:54,0.0
2013-09-01 02:46:04,0.0
2013-09-01 02:46:14,0.0
2013-09-01 02:46:24,0.0
2013-09-01 02:46:34,0.0
2013-09-01 02:46:44,0.0
2013-09-01 02:46:54,0.0
2013-09-01 02:47:04,0.0
2013-09-01 02:47:14,0.0
2013-09-01 02:47:24,0.0
2013-09-01 02:47:34,0.0
2013-09-01 02:47:44,0.0
2013-09-01 02:47:54,0.0
2013-09-01 02:48:04,0.0
2013-09-01 02:48:14,0.0
2013-09-01 02:48:24,0.0
2013-09-01 02:48:34,0.0
2013-09-01 02:48:44,0.0
2013-09-01 02:48:54,0.0
2013-09-01 02:49:04,0.0
2013-09-01 02:49:14,0.0
2013-09-01 02:49:24,0.0
2013-09-01 02:49:34,0.0
2013-09-01 02:49:44,0.0
2013-09-01 02:49:54,0.0
2013-09-01 02:50:04,0.0
2013-09-01 02:50:14,0.0
2013-09-01 02:50:24,0.0
2013-09-01 02:50:34,0.0
2013-09-01 02:50:44,0.0
2013-09-01 02:50:54,0.0
2013-09-01 02:51:04,0.0
2013-09-01 02:51:14,0.0
2013-09-01 02:51:24,0.0
2013-09-01 02:51:34,0.0
2013-09-01 02:51:44,0.0
2013-09-01 02:51:54,0.0
2013-09-01 02:52:04,0.0
2013-09-01 02:52:14,0.0
2013-09-01 02:52:24,0.0
2013-09-01 02:52:34,0.0
2013-09-01 02:52:44,0.0
2013-09-01 02:52:54,0.0
2013-09-01 02:53:04,0.0
2013-09-01 02:53:14,0.0
2013-09-01 02:53:24,0.0
2013-09-01 02:53:34,0.0
2013-09-01 02:53:44,0.0
2013-09-01 02:53:54,0.0
2013-09-01 02:54:04,0.0
2013-09-01 02:54:14,0.0
2013-09-01 02:54:24,0.0
2013-09-01 02:54:34,0.0
2013-09-01 02:54:44,0.0
2013-09-01 02:54:54,0.0
2013-09-01 02:55:04,0.0
2013-09-01 02:55:14,0.0
2013-09-01 02:55:24,0.0
2013-09-01 02:55:34,0.0
2013-09-01 02:55:44,0.0
2013-09-01 02:55:54,0.0
2013-09-01 02:56:04,0.0
2013-09-01 02:56:14,0.0
2013-09-01 02:56:24,0.0
2013-09-01 02:56:34,0.0
2013-09-01 02:56:44,0.0
2013-09-01 02:56:54,0.0
2013-09-01 02:57:04,0.0
2013-09-01 02:57:14,0.0
2013-09-01 02:57:24,0.0
2013-09-01 02:57:34,0.0
2013-09-01 02:57:44,0.0
2013-09-01 02:57:54,0.0
2013-09-01 02:58:04,0.0
2013-09-01 02:58:14,0.0
2013-09-01 02:58:24,0.0
2013-09-01 02:58:34,0.0
2013-09-01 02:58:44,0.0
2013-09-01 02:58:54,0.0
2013-09-01 02:59:04,0.0
2013-09-01 02:59:14,0.0
2013-09-01 02:59:24,0.0
2013-09-01 02:59:34,0.0
2013-09-01 02:59:44,0.0
2013-09-01 02:59:54,0.0
2013-09-01 03:00:04,0.0
2013-09-01 03:00:14,0.0
2013-09-01 03:00:24,0.0
2013-09-01 03:00:34,0.0
2013-09-01 03:00:44,0.0
2013-09-01 03:00:54,0.0
2013-09-01 03:01:04,0.0
2013-09-01 03:01:14,0.0
2013-09-01 03:01:24,0.0
2013-09-01 03:01:34,0.0
2013-09-01 03:01:44,0.0
2013-09-01 03:01:54,0.0
2013-09-01 03:02:04,0.0
2013-09-01 03:02:14,0.0
2013-09-01 03:02:24,0.0
2013-09-01 03:02:34,0.0
2013-09-01 03:02:44,0.0
2013-09-01 03:02:54,0.0
2013-09-01 03:03:04,0.0
2013-09-01 03:03:14,0.0
2013-09-01 03:03:24,0.0
2013-09-01 03:03:34,0.0
2013-09-01 03:03:44,0.0
2013-09-01 03:03:54,0.0
2013-09-01 03:04:04,0.0
2013-09-01 03:04:14,0.0
2013-09-01 03:04:24,0.0
2013-09-01 03:04:36,0.0
2013-09-01 03:04:44,0.0
2013-09-01 03:04:54,0.0
2013-09-01 03:05:04,0.0
2013-09-01 03:05:14,0.0
2013-09-01 03:05:24,0.0
2013-09-01 03:05:34,0.0
2013-09-01 03:05:44,0.0
2013-09-01 03:05:54,0.0
2013-09-01 03:06:04,0.0
2013-09-01 03:06:14,0.0
2013-09-01 03:06:24,0.0
2013-09-01 03:06:34,0.0
2013-09-01 03:06:44,0.0
2013-09-01 03:06:54,0.0
2013-09-01 03:07:04,0.0
2013-09-01 03:07:14,0.0
2013-09-01 03:07:24,0.0
2013-09-01 03:07:34,0.0
2013-09-01 03:07:44,0.0
2013-09-01 03:07:54,0.0
2013-09-01 03:08:04,0.0
2013-09-01 03:08:14,0.0
2013-09-01 03:08:24,0.0
2013-09-01 03:08:34,0.0
2013-09-01 03:08:44,0.0
2013-09-01 03:08:54,0.0
2013-09-01 03:09:04,0.0
2013-09-01 03:09:14,0.0
2013-09-01 03:09:24,0.0
2013-09-01 03:09:34,0.0
2013-09-01 03:09:44,0.0
2013-09-01 03:09:54,0.0
2013-09-01 03:10:04,0.0
2013-09-01 03:10:14,0.0
2013-09-01 03:10:24,0.0
2013-09-01 03:10:34,0.0
2013-09-01 03:10:44,0.0
2013-09-01 03:10:54,0.0
2013-09-01 03:11:04,0.0
2013-09-01 03:11:14,0.0
2013-09-01 03:11:24,0.0
2013-09-01 03:11:34,0.0
2013-09-01 03:11:44,0.0
2013-09-01 03:11:54,0.0
2013-09-01 03:12:04,0.0
2013-09-01 03:12:14,0.0
2013-09-01 03:12:24,0.0
2013-09-01 03:12:34,0.0
2013-09-01 03:12:44,0.0
2013-09-01 03:12:54,0.0
2013-09-01 03:13:04,0.0
2013-09-01 03:13:14,0.0
2013-09-01 03:13:24,0.0
2013-09-01 03:13:34,0.0
2013-09-01 03:13:44,0.0
2013-09-01 03:13:54,0.0
2013-09-01 03:14:04,0.0
2013-09-01 03:14:14,0.0
2013-09-01 03:14:24,0.0
2013-09-01 03:14:34,0.0
2013-09-01 03:14:44,0.0
2013-09-01 03:14:54,0.0
2013-09-01 03:15:04,0.0
2013-09-01 03:15:14,0.0
2013-09-01 03:15:24,0.0
2013-09-01 03:15:34,0.0
2013-09-01 03:15:44,0.0
2013-09-01 03:15:54,0.0
2013-09-01 03:16:04,0.0
2013-09-01 03:16:14,0.0
2013-09-01 03:16:24,0.0
2013-09-01 03:16:34,0.0
2013-09-01 03:16:44,0.0
2013-09-01 03:16:54,0.0
2013-09-01 03:17:04,0.0
2013-09-01 03:17:14,0.0
2013-09-01 03:17:24,0.0
2013-09-01 03:17:34,0.0
2013-09-01 03:17:44,0.0
2013-09-01 03:17:54,0.0
2013-09-01 03:18:04,0.0
2013-09-01 03:18:14,0.0
2013-09-01 03:18:24,0.0
2013-09-01 03:18:34,0.0
2013-09-01 03:18:44,0.0
2013-09-01 03:18:54,0.0
2013-09-01 03:19:04,0.0
2013-09-01 03:19:14,0.0
2013-09-01 03:19:24,0.0
2013-09-01 03:19:34,0.0
2013-09-01 03:19:44,0.0
2013-09-01 03:19:54,0.0
2013-09-01 03:20:04,0.0
2013-09-01 03:20:14,0.0
2013-09-01 03:20:24,0.0
2013-09-01 03:20:34,0.0
2013-09-01 03:20:44,0.0
2013-09-01 03:20:54,0.0
2013-09-01 03:21:04,0.0
2013-09-01 03:21:14,0.0
2013-09-01 03:21:24,0.0
2013-09-01 03:21:34,0.0
2013-09-01 03:21:44,0.0
2013-09-01 03:21:54,0.0
2013-09-01 03:22:04,0.0
2013-09-01 03:22:14,0.0
2013-09-01 03:22:24,0.0
2013-09-01 03:22:34,0.0
2013-09-01 03:22:44,0.0
2013-09-01 03:22:54,0.0
2013-09-01 03:23:04,0.0
2013-09-01 03:23:14,0.0
2013-09-01 03:23:24,0.0
2013-09-01 03:23:34,0.0
2013-09-01 03:23:44,0.0
2013-09-01 03:23:54,0.0
2013-09-01 03:24:04,0.0
2013-09-01 03:24:14,0.0
2013-09-01 03:24:24,0.0
2013-09-01 03:24:34,0.0
2013-09-01 03:24:44,0.0
2013-09-01 03:24:54,0.0
2013-09-01 03:25:04,0.0
2013-09-01 03:25:14,0.0
2013-09-01 03:25:24,0.0
2013-09-01 03:25:34,0.0
2013-09-01 03:25:44,0.0
2013-09-01 03:25:54,0.0
2013-09-01 03:26:04,0.0
2013-09-01 03:26:14,0.0
2013-09-01 03:26:24,0.0
2013-09-01 03:26:34,0.0
2013-09-01 03:26:44,0.0
2013-09-01 03:26:54,0.0
2013-09-01 03:27:04,0.0
2013-09-01 03:27:14,0.0
2013-09-01 03:27:24,0.0
2013-09-01 03:27:34,0.0
2013-09-01 03:27:44,0.0
2013-09-01 03:27:54,0.0
2013-09-01 03:28:04,0.0
2013-09-01 03:28:14,0.0
2013-09-01 03:28:24,0.0
2013-09-01 03:28:34,0.0
2013-09-01 03:28:44,0.0
2013-09-01 03:28:54,0.0
2013-09-01 03:29:04,0.0
2013-09-01 03:29:14,0.0
2013-09-01 03:29:24,0.0
2013-09-01 03:29:34,0.0
2013-09-01 03:29:44,0.0
2013-09-01 03:29:54,0.0
2013-09-01 03:30:04,0.0
2013-09-01 03:30:14,0.0
2013-09-01 03:30:24,0.0
2013-09-01 03:30:34,0.0
2013-09-01 03:30:44,0.0
2013-09-01 03:30:54,0.0
2013-09-01 03:31:04,0.0
2013-09-01 03:31:14,0.0
2013-09-01 03:31:24,0.0
2013-09-01 03:31:34,0.0
2013-09-01 03:31:44,0.0
2013-09-01 03:31:54,0.0
2013-09-01 03:32:04,0.0
2013-09-01 03:32:14,0.0
2013-09-01 03:32:24,0.0
2013-09-01 03:32:34,0.0
2013-09-01 03:32:44,0.0
2013-09-01 03:32:54,0.0
2013-09-01 03:33:04,0.0
2013-09-01 03:33:14,0.0
2013-09-01 03:33:24,0.0
2013-09-01 03:33:34,0.0
2013-09-01 03:33:44,0.0
2013-09-01 03:33:54,0.0
2013-09-01 03:34:04,0.0
2013-09-01 03:34:14,0.0
2013-09-01 03:34:24,0.0
2013-09-01 03:34:34,0.0
2013-09-01 03:34:44,0.0
2013-09-01 03:34:54,0.0
2013-09-01 03:35:04,0.0
2013-09-01 03:35:14,0.0
2013-09-01 03:35:24,0.0
2013-09-01 03:35:34,0.0
2013-09-01 03:35:44,0.0
2013-09-01 03:35:54,0.0
2013-09-01 03:36:04,0.0
2013-09-01 03:36:14,0.0
2013-09-01 03:36:24,0.0
2013-09-01 03:36:34,0.0
2013-09-01 03:36:44,0.0
2013-09-01 03:36:54,0.0
2013-09-01 03:37:04,0.0
2013-09-01 03:37:14,0.0
2013-09-01 03:37:24,0.0
2013-09-01 03:37:34,0.0
2013-09-01 03:37:44,0.0
2013-09-01 03:37:54,0.0
2013-09-01 03:38:04,0.0
2013-09-01 03:38:14,0.0
2013-09-01 03:38:24,0.0
2013-09-01 03:38:34,0.0
2013-09-01 03:38:44,0.0
2013-09-01 03:38:54,0.0
2013-09-01 03:39:04,0.0
2013-09-01 03:39:14,0.0
2013-09-01 03:39:24,0.0
2013-09-01 03:39:34,0.0
2013-09-01 03:39:44,0.0
2013-09-01 03:39:54,0.0
2013-09-01 03:40:04,0.0
2013-09-01 03:40:14,0.0
2013-09-01 03:40:24,0.0
2013-09-01 03:40:34,0.0
2013-09-01 03:40:44,0.0
2013-09-01 03:40:54,0.0
2013-09-01 03:41:04,0.0
2013-09-01 03:41:14,0.0
2013-09-01 03:41:24,0.0
2013-09-01 03:41:34,0.0
2013-09-01 03:41:44,0.0
2013-09-01 03:41:54,0.0
2013-09-01 03:42:04,0.0
2013-09-01 03:42:14,0.0
2013-09-01 03:42:24,0.0
2013-09-01 03:42:34,0.0
2013-09-01 03:42:44,0.0
2013-09-01 03:42:54,0.0
2013-09-01 03:43:04,0.0
2013-09-01 03:43:14,0.0
2013-09-01 03:43:24,0.0
2013-09-01 03:43:34,0.0
2013-09-01 03:43:44,0.0
2013-09-01 03:43:54,0.0
2013-09-01 03:44:04,0.0
2013-09-01 03:44:14,0.0
2013-09-01 03:44:24,0.0
2013-09-01 03:44:34,0.0
2013-09-01 03:44:44,0.0
2013-09-01 03:44:54,0.0
2013-09-01 03:45:04,0.0
2013-09-01 03:45:14,0.0
2013-09-01 03:45:24,0.0
2013-09-01 03:45:34,0.0
2013-09-01 03:45:44,0.0
2013-09-01 03:45:54,0.0
2013-09-01 03:46:04,0.0
2013-09-01 03:46:14,0.0
2013-09-01 03:46:24,0.0
2013-09-01 03:46:34,0.0
2013-09-01 03:46:44,0.0
2013-09-01 03:46:54,0.0
2013-09-01 03:47:04,0.0
2013-09-01 03:47:14,0.0
2013-09-01 03:47:24,0.0
2013-09-01 03:47:34,0.0
2013-09-01 03:47:44,0.0
2013-09-01 03:47:54,0.0
2013-09-01 03:48:04,0.0
2013-09-01 03:48:14,0.0
2013-09-01 03:48:24,0.0
2013-09-01 03:48:34,0.0
2013-09-01 03:48:44,0.0
2013-09-01 03:48:54,0.0
2013-09-01 03:49:04,0.0
2013-09-01 03:49:14,0.0
2013-09-01 03:49:24,0.0
2013-09-01 03:49:34,0.0
2013-09-01 03:49:44,0.0
2013-09-01 03:49:54,0.0
2013-09-01 03:50:04,0.0
2013-09-01 03:50:14,0.0
2013-09-01 03:50:24,0.0
2013-09-01 03:50:34,0.0
2013-09-01 03:50:44,0.0
2013-09-01 03:50:54,0.0
2013-09-01 03:51:04,0.0
2013-09-01 03:51:14,0.0
2013-09-01 03:51:24,0.0
2013-09-01 03:51:34,0.0
2013-09-01 03:51:44,0.0
2013-09-01 03:51:54,0.0
2013-09-01 03:52:04,0.0
2013-09-01 03:52:14,0.0
2013-09-01 03:52:24,0.0
2013-09-01 03:52:34,0.0
2013-09-01 03:52:44,0.0
2013-09-01 03:52:54,0.0
2013-09-01 03:53:04,0.0
2013-09-01 03:53:14,0.0
2013-09-01 03:53:24,0.0
2013-09-01 03:53:34,0.0
2013-09-01 03:53:44,0.0
2013-09-01 03:53:54,0.0
2013-09-01 03:54:04,0.0
2013-09-01 03:54:14,0.0
2013-09-01 03:54:24,0.0
2013-09-01 03:54:34,0.0
2013-09-01 03:54:44,0.0
2013-09-01 03:54:54,0.0
2013-09-01 03:55:04,0.0
2013-09-01 03:55:14,0.0
2013-09-01 03:55:24,0.0
2013-09-01 03:55:34,0.0
2013-09-01 03:55:44,0.0
2013-09-01 03:55:54,0.0
2013-09-01 03:56:04,0.0
2013-09-01 03:56:14,0.0
2013-09-01 03:56:24,0.0
2013-09-01 03:56:34,0.0
2013-09-01 03:56:44,0.0
2013-09-01 03:56:54,0.0
2013-09-01 03:57:04,0.0
2013-09-01 03:57:14,0.0
2013-09-01 03:57:24,0.0
2013-09-01 03:57:34,0.0
2013-09-01 03:57:44,0.0
2013-09-01 03:57:54,0.0
2013-09-01 03:58:04,0.0
2013-09-01 03:58:14,0.0
2013-09-01 03:58:24,0.0
2013-09-01 03:58:34,0.0
2013-09-01 03:58:44,0.0
2013-09-01 03:58:54,0.0
2013-09-01 03:59:04,0.0
2013-09-01 03:59:14,0.0
2013-09-01 03:59:24,0.0
2013-09-01 03:59:34,0.0
2013-09-01 03:59:44,0.0
2013-09-01 03:59:54,0.0
2013-09-01 04:00:04,0.0
2013-09-01 04:00:14,0.0
2013-09-01 04:00:24,0.0
2013-09-01 04:00:34,0.0
2013-09-01 04:00:44,0.0
2013-09-01 04:00:54,0.0
2013-09-01 04:01:04,0.0
2013-09-01 04:01:14,0.0
2013-09-01 04:01:24,0.0
2013-09-01 04:01:34,0.0
2013-09-01 04:01:44,0.0
2013-09-01 04:01:54,0.0
2013-09-01 04:02:04,0.0
2013-09-01 04:02:14,0.0
2013-09-01 04:02:24,0.0
2013-09-01 04:02:34,0.0
2013-09-01 04:02:44,0.0
2013-09-01 04:02:54,0.0
2013-09-01 04:03:04,0.0
2013-09-01 04:03:14,0.0
2013-09-01 04:03:24,0.0
2013-09-01 04:03:34,0.0
2013-09-01 04:03:44,0.0
2013-09-01 04:03:54,0.0
2013-09-01 04:04:04,0.0
2013-09-01 04:04:14,0.0
2013-09-01 04:04:24,0.0
2013-09-01 04:04:34,0.0
2013-09-01 04:04:44,0.0
2013-09-01 04:04:54,0.0
2013-09-01 04:05:04,0.0
2013-09-01 04:05:14,0.0
2013-09-01 04:05:24,0.0
2013-09-01 04:05:34,0.0
2013-09-01 04:05:44,0.0
2013-09-01 04:05:54,0.0
2013-09-01 04:06:04,0.0
2013-09-01 04:06:14,0.0
2013-09-01 04:06:24,0.0
2013-09-01 04:06:34,0.0
2013-09-01 04:06:44,0.0
2013-09-01 04:06:54,0.0
2013-09-01 04:07:04,0.0
2013-09-01 04:07:14,0.0
2013-09-01 04:07:24,0.0
2013-09-01 04:07:34,0.0
2013-09-01 04:07:44,0.0
2013-09-01 04:07:54,0.0
2013-09-01 04:08:04,0.0
2013-09-01 04:08:14,0.0
2013-09-01 04:08:24,0.0
2013-09-01 04:08:34,0.0
2013-09-01 04:08:44,0.0
2013-09-01 04:08:54,0.0
2013-09-01 04:09:04,0.0
2013-09-01 04:09:14,0.0
2013-09-01 04:09:24,0.0
2013-09-01 04:09:34,0.0
2013-09-01 04:09:44,0.0
2013-09-01 04:09:54,0.0
2013-09-01 04:10:08,0.0
2013-09-01 04:10:14,0.0
2013-09-01 04:10:24,0.0
2013-09-01 04:10:34,0.0
2013-09-01 04:10:44,0.0
2013-09-01 04:10:54,0.0
2013-09-01 04:11:04,0.0
2013-09-01 04:11:14,0.0
2013-09-01 04:11:24,0.0
2013-09-01 04:11:34,0.0
2013-09-01 04:11:44,0.0
2013-09-01 04:11:54,0.0
2013-09-01 04:12:04,0.0
2013-09-01 04:12:14,0.0
2013-09-01 04:12:24,0.0
2013-09-01 04:12:34,0.0
2013-09-01 04:12:44,0.0
2013-09-01 04:12:54,0.0
2013-09-01 04:13:04,0.0
2013-09-01 04:13:14,0.0
2013-09-01 04:13:24,0.0
2013-09-01 04:13:34,0.0
2013-09-01 04:13:44,0.0
2013-09-01 04:13:54,0.0
2013-09-01 04:14:04,0.0
2013-09-01 04:14:14,0.0
2013-09-01 04:14:24,0.0
2013-09-01 04:14:34,0.0
2013-09-01 04:14:44,0.0
2013-09-01 04:14:54,0.0
2013-09-01 04:15:04,0.0
2013-09-01 04:15:14,0.0
2013-09-01 04:15:24,0.0
2013-09-01 04:15:34,0.0
2013-09-01 04:15:44,0.0
2013-09-01 04:15:54,0.0
2013-09-01 04:16:04,0.0
2013-09-01 04:16:14,0.0
2013-09-01 04:16:24,0.0
2013-09-01 04:16:34,0.0
2013-09-01 04:16:44,0.0
2013-09-01 04:16:54,0.0
2013-09-01 04:17:04,0.0
2013-09-01 04:17:14,0.0
2013-09-01 04:17:24,0.0
2013-09-01 04:17:34,0.0
2013-09-01 04:17:44,0.0
2013-09-01 04:17:54,0.0
2013-09-01 04:18:04,0.0
2013-09-01 04:18:14,0.0
2013-09-01 04:18:24,0.0
2013-09-01 04:18:34,0.0
2013-09-01 04:18:44,0.0
2013-09-01 04:18:54,0.0
2013-09-01 04:19:04,0.0
2013-09-01 04:19:14,0.0
2013-09-01 04:19:24,0.0
2013-09-01 04:19:34,0.0
2013-09-01 04:19:44,0.0
2013-09-01 04:19:54,0.0
2013-09-01 04:20:04,0.0
2013-09-01 04:20:14,0.0
2013-09-01 04:20:24,0.0
2013-09-01 04:20:34,0.0
2013-09-01 04:20:44,0.0
2013-09-01 04:20:54,0.0
2013-09-01 04:21:04,0.0
2013-09-01 04:21:14,0.0
2013-09-01 04:21:24,0.0
2013-09-01 04:21:34,0.0
2013-09-01 04:21:44,0.0
2013-09-01 04:21:54,0.0
2013-09-01 04:22:04,0.0
2013-09-01 04:22:14,0.0
2013-09-01 04:22:24,0.0
2013-09-01 04:22:34,0.0
2013-09-01 04:22:44,0.0
2013-09-01 04:22:54,0.0
2013-09-01 04:23:04,0.0
2013-09-01 04:23:14,0.0
2013-09-01 04:23:24,0.0
2013-09-01 04:23:34,0.0
2013-09-01 04:23:44,0.0
2013-09-01 04:23:54,0.0
2013-09-01 04:24:04,0.0
2013-09-01 04:24:14,0.0
2013-09-01 04:24:24,0.0
2013-09-01 04:24:34,0.0
2013-09-01 04:24:44,0.0
2013-09-01 04:24:54,0.0
2013-09-01 04:25:04,0.0
2013-09-01 04:25:14,0.0
2013-09-01 04:25:24,0.0
2013-09-01 04:25:34,0.0
2013-09-01 04:25:44,0.0
2013-09-01 04:25:54,0.0
2013-09-01 04:26:04,0.0
2013-09-01 04:26:14,0.0
2013-09-01 04:26:24,0.0
2013-09-01 04:26:34,0.0
2013-09-01 04:26:44,0.0
2013-09-01 04:26:54,0.0
2013-09-01 04:27:04,0.0
2013-09-01 04:27:14,0.0
2013-09-01 04:27:24,0.0
2013-09-01 04:27:34,0.0
2013-09-01 04:27:44,0.0
2013-09-01 04:27:54,0.0
2013-09-01 04:28:04,0.0
2013-09-01 04:28:14,0.0
2013-09-01 04:28:24,0.0
2013-09-01 04:28:34,0.0
2013-09-01 04:28:44,0.0
2013-09-01 04:28:54,0.0
2013-09-01 04:29:04,0.0
2013-09-01 04:29:14,0.0
2013-09-01 04:29:24,0.0
2013-09-01 04:29:34,0.0
2013-09-01 04:29:44,0.0
2013-09-01 04:29:54,0.0
2013-09-01 04:30:04,0.0
2013-09-01 04:30:14,0.0
2013-09-01 04:30:24,0.0
2013-09-01 04:30:34,0.0
2013-09-01 04:30:44,0.0
2013-09-01 04:30:54,0.0
2013-09-01 04:31:04,0.0
2013-09-01 04:31:14,0.0
2013-09-01 04:31:24,0.0
2013-09-01 04:31:34,0.0
2013-09-01 04:31:44,0.0
2013-09-01 04:31:54,0.0
2013-09-01 04:32:04,0.0
2013-09-01 04:32:14,0.0
2013-09-01 04:32:24,0.0
2013-09-01 04:32:34,0.0
2013-09-01 04:32:44,0.0
2013-09-01 04:32:54,0.0
2013-09-01 04:33:04,0.0
2013-09-01 04:33:14,0.0
2013-09-01 04:33:24,0.0
2013-09-01 04:33:34,0.0
2013-09-01 04:33:43,0.0
2013-09-01 04:33:54,0.0
2013-09-01 04:34:04,0.0
2013-09-01 04:34:14,0.0
2013-09-01 04:34:23,0.0
2013-09-01 04:34:33,0.0
2013-09-01 04:34:44,0.0
2013-09-01 04:34:54,0.0
2013-09-01 04:35:03,0.0
2013-09-01 04:35:13,0.0
2013-09-01 04:35:24,0.0
2013-09-01 04:35:34,0.0
2013-09-01 04:35:43,0.0
2013-09-01 04:35:54,0.0
2013-09-01 04:36:04,0.0
2013-09-01 04:36:14,0.0
2013-09-01 04:36:24,0.0
2013-09-01 04:36:33,0.0
2013-09-01 04:36:44,0.0
2013-09-01 04:36:53,0.0
2013-09-01 04:37:03,0.0
2013-09-01 04:37:13,0.0
2013-09-01 04:37:23,0.0
2013-09-01 04:37:34,0.0
2013-09-01 04:37:43,0.0
2013-09-01 04:37:53,0.0
2013-09-01 04:38:03,0.0
2013-09-01 04:38:14,0.0
2013-09-01 04:38:23,0.0
2013-09-01 04:38:33,0.0
2013-09-01 04:38:44,0.0
2013-09-01 04:38:53,0.0
2013-09-01 04:39:04,0.0
2013-09-01 04:39:13,0.0
2013-09-01 04:39:23,0.0
2013-09-01 04:39:33,0.0
2013-09-01 04:39:43,0.0
2013-09-01 04:39:53,0.0
2013-09-01 04:40:04,0.0
2013-09-01 04:40:13,0.0
2013-09-01 04:40:23,0.0
2013-09-01 04:40:33,0.0
2013-09-01 04:40:43,0.0
2013-09-01 04:40:53,0.0
2013-09-01 04:41:03,0.0
2013-09-01 04:41:13,0.0
2013-09-01 04:41:23,0.0
2013-09-01 04:41:33,0.0
2013-09-01 04:41:44,0.0
2013-09-01 04:41:53,0.0
2013-09-01 04:42:08,0.0
2013-09-01 04:42:13,0.0
2013-09-01 04:42:23,0.0
2013-09-01 04:42:33,0.0
2013-09-01 04:42:43,0.0
2013-09-01 04:42:53,0.0
2013-09-01 04:43:03,0.0
2013-09-01 04:43:13,0.0
2013-09-01 04:43:23,0.0
2013-09-01 04:43:33,0.0
2013-09-01 04:43:43,0.0
2013-09-01 04:43:53,0.0
2013-09-01 04:44:03,0.0
2013-09-01 04:44:13,0.0
2013-09-01 04:44:23,0.0
2013-09-01 04:44:33,0.0
2013-09-01 04:44:43,0.0
2013-09-01 04:44:53,0.0
2013-09-01 04:45:03,0.0
2013-09-01 04:45:13,0.0
2013-09-01 04:45:23,0.0
2013-09-01 04:45:33,0.0
2013-09-01 04:45:43,0.0
2013-09-01 04:45:53,0.0
2013-09-01 04:46:03,0.0
2013-09-01 04:46:13,0.0
2013-09-01 04:46:23,0.0
2013-09-01 04:46:33,0.0
2013-09-01 04:46:43,0.0
2013-09-01 04:46:53,0.0
2013-09-01 04:47:03,0.0
2013-09-01 04:47:13,0.0
2013-09-01 04:47:23,0.0
2013-09-01 04:47:33,0.0
2013-09-01 04:47:43,0.0
2013-09-01 04:47:53,0.0
2013-09-01 04:48:03,0.0
2013-09-01 04:48:13,0.0
2013-09-01 04:48:23,0.0
2013-09-01 04:48:33,0.0
2013-09-01 04:48:43,0.0
2013-09-01 04:48:53,0.0
2013-09-01 04:49:03,0.0
2013-09-01 04:49:13,0.0
2013-09-01 04:49:23,0.0
2013-09-01 04:49:33,0.0
2013-09-01 04:49:43,0.0
2013-09-01 04:49:53,0.0
2013-09-01 04:50:03,0.0
2013-09-01 04:50:13,0.0
2013-09-01 04:50:23,0.0
2013-09-01 04:50:33,0.0
2013-09-01 04:50:43,0.0
2013-09-01 04:50:53,0.0
2013-09-01 04:51:03,0.0
2013-09-01 04:51:13,0.0
2013-09-01 04:51:23,0.0
2013-09-01 04:51:33,0.0
2013-09-01 04:51:43,0.0
2013-09-01 04:51:53,0.0
2013-09-01 04:52:03,0.0
2013-09-01 04:52:13,0.0
2013-09-01 04:52:23,0.0
2013-09-01 04:52:33,0.0
2013-09-01 04:52:43,0.0
2013-09-01 04:52:53,0.0
2013-09-01 04:53:03,0.0
2013-09-01 04:53:13,0.0
2013-09-01 04:53:23,0.0
2013-09-01 04:53:33,0.0
2013-09-01 04:53:43,0.0
2013-09-01 04:53:53,0.0
2013-09-01 04:54:03,0.0
2013-09-01 04:54:13,0.0
2013-09-01 04:54:23,0.0
2013-09-01 04:54:33,0.0
2013-09-01 04:54:43,0.0
2013-09-01 04:54:53,0.0
2013-09-01 04:55:03,0.0
2013-09-01 04:55:13,0.0
2013-09-01 04:55:23,0.0
2013-09-01 04:55:33,0.0
2013-09-01 04:55:43,0.0
2013-09-01 04:55:53,0.0
2013-09-01 04:56:03,0.0
2013-09-01 04:56:13,0.0
2013-09-01 04:56:23,0.0
2013-09-01 04:56:33,0.0
2013-09-01 04:56:43,0.0
2013-09-01 04:56:53,0.0
2013-09-01 04:57:03,0.0
2013-09-01 04:57:13,0.0
2013-09-01 04:57:23,0.0
2013-09-01 04:57:33,0.0
2013-09-01 04:57:43,0.0
2013-09-01 04:57:53,0.0
2013-09-01 04:58:03,0.0
2013-09-01 04:58:13,0.0
2013-09-01 04:58:23,0.0
2013-09-01 04:58:33,0.0
2013-09-01 04:58:43,0.0
2013-09-01 04:58:53,0.0
2013-09-01 04:59:03,0.0
2013-09-01 04:59:13,0.0
2013-09-01 04:59:23,0.0
2013-09-01 04:59:33,0.0
2013-09-01 04:59:43,0.0
2013-09-01 04:59:53,0.0
2013-09-01 05:00:03,0.0
2013-09-01 05:00:13,0.0
2013-09-01 05:00:23,0.0
2013-09-01 05:00:33,0.0
2013-09-01 05:00:43,0.0
2013-09-01 05:00:53,0.0
2013-09-01 05:01:03,0.0
2013-09-01 05:01:13,0.0
2013-09-01 05:01:23,0.0
2013-09-01 05:01:33,0.0
2013-09-01 05:01:43,0.0
2013-09-01 05:01:53,0.0
2013-09-01 05:02:03,0.0
2013-09-01 05:02:13,0.0
2013-09-01 05:02:23,0.0
2013-09-01 05:02:33,0.0
2013-09-01 05:02:43,0.0
2013-09-01 05:02:53,0.0
2013-09-01 05:03:03,0.0
2013-09-01 05:03:13,0.0
2013-09-01 05:03:23,0.0
2013-09-01 05:03:33,0.0
2013-09-01 05:03:43,0.0
2013-09-01 05:03:53,0.0
2013-09-01 05:04:03,0.0
2013-09-01 05:04:13,0.0
2013-09-01 05:04:23,0.0
2013-09-01 05:04:33,0.0
2013-09-01 05:04:43,0.0
2013-09-01 05:04:53,0.0
2013-09-01 05:05:03,0.0
2013-09-01 05:05:13,0.0
2013-09-01 05:05:23,0.0
2013-09-01 05:05:33,0.0
2013-09-01 05:05:43,0.0
2013-09-01 05:05:53,0.0
2013-09-01 05:06:03,0.0
2013-09-01 05:06:13,0.0
2013-09-01 05:06:23,0.0
2013-09-01 05:06:33,0.0
2013-09-01 05:06:43,0.0
2013-09-01 05:06:53,0.0
2013-09-01 05:07:03,0.0
2013-09-01 05:07:13,0.0
2013-09-01 05:07:23,0.0
2013-09-01 05:07:33,0.0
2013-09-01 05:07:43,0.0
2013-09-01 05:07:53,0.0
2013-09-01 05:08:03,0.0
2013-09-01 05:08:13,0.0
2013-09-01 05:08:23,0.0
2013-09-01 05:08:33,0.0
2013-09-01 05:08:43,0.0
2013-09-01 05:08:53,0.0
2013-09-01 05:09:03,0.0
2013-09-01 05:09:13,0.0
2013-09-01 05:09:23,0.0
2013-09-01 05:09:33,0.0
2013-09-01 05:09:43,0.0
2013-09-01 05:09:53,0.0
2013-09-01 05:10:03,0.0
2013-09-01 05:10:13,0.0
2013-09-01 05:10:23,0.0
2013-09-01 05:10:33,0.0
2013-09-01 05:10:43,0.0
2013-09-01 05:10:53,0.0
2013-09-01 05:11:03,0.0
2013-09-01 05:11:13,0.0
2013-09-01 05:11:23,0.0
2013-09-01 05:11:33,0.0
2013-09-01 05:11:43,0.0
2013-09-01 05:11:53,0.0
2013-09-01 05:12:03,0.0
2013-09-01 05:12:13,0.0
2013-09-01 05:12:23,0.0
2013-09-01 05:12:33,0.0
2013-09-01 05:12:43,0.0
2013-09-01 05:12:53,0.0
2013-09-01 05:13:03,0.0
2013-09-01 05:13:13,0.0
2013-09-01 05:13:23,0.0
2013-09-01 05:13:33,0.0
2013-09-01 05:13:43,0.0
2013-09-01 05:13:55,0.0
2013-09-01 05:14:03,0.0
2013-09-01 05:14:13,0.0
2013-09-01 05:14:23,0.0
2013-09-01 05:14:33,0.0
2013-09-01 05:14:43,0.0
2013-09-01 05:14:53,0.0
2013-09-01 05:15:03,0.0
2013-09-01 05:15:13,0.0
2013-09-01 05:15:23,0.0
2013-09-01 05:15:33,0.0
2013-09-01 05:15:43,0.0
2013-09-01 05:15:53,0.0
2013-09-01 05:16:03,0.0
2013-09-01 05:16:13,0.0
2013-09-01 05:16:23,0.0
2013-09-01 05:16:33,0.0
2013-09-01 05:16:43,0.0
2013-09-01 05:16:53,0.0
2013-09-01 05:17:03,0.0
2013-09-01 05:17:13,0.0
2013-09-01 05:17:23,0.0
2013-09-01 05:17:33,0.0
2013-09-01 05:17:43,0.0
2013-09-01 05:17:53,0.0
2013-09-01 05:18:13,0.0
2013-09-01 05:18:23,0.0
2013-09-01 05:18:33,0.0
2013-09-01 05:18:53,0.0
2013-09-01 05:19:13,0.0
2013-09-01 05:19:33,0.0
2013-09-01 05:19:43,0.0
2013-09-01 05:20:03,0.0
2013-09-01 05:20:13,0.0
2013-09-01 05:20:23,0.0
2013-09-01 05:20:33,0.0
2013-09-01 05:20:43,0.0
2013-09-01 05:20:53,0.0
2013-09-01 05:21:03,0.0
2013-09-01 05:21:13,0.0
2013-09-01 05:21:23,0.0
2013-09-01 05:21:33,0.0
2013-09-01 05:21:43,0.0
2013-09-01 05:21:53,0.0
2013-09-01 05:22:03,0.0
2013-09-01 05:22:13,0.0
2013-09-01 05:22:23,0.0
2013-09-01 05:22:33,0.0
2013-09-01 05:22:43,0.0
2013-09-01 05:22:53,0.0
2013-09-01 05:23:03,0.0
2013-09-01 05:23:13,0.0
2013-09-01 05:23:23,0.0
2013-09-01 05:23:33,0.0
2013-09-01 05:23:43,0.0
2013-09-01 05:23:53,0.0
2013-09-01 05:24:03,0.0
2013-09-01 05:24:13,0.0
2013-09-01 05:24:23,0.0
2013-09-01 05:24:33,0.0
2013-09-01 05:24:43,0.0
2013-09-01 05:24:53,0.0
2013-09-01 05:25:03,0.0
2013-09-01 05:25:13,0.0
2013-09-01 05:25:23,0.0
2013-09-01 05:25:33,0.0
2013-09-01 05:25:43,0.0
2013-09-01 05:25:53,0.0
2013-09-01 05:26:03,0.0
2013-09-01 05:26:13,0.0
2013-09-01 05:26:23,0.0
2013-09-01 05:26:33,0.0
2013-09-01 05:26:43,0.0
2013-09-01 05:26:53,0.0
2013-09-01 05:27:03,0.0
2013-09-01 05:27:13,0.0
2013-09-01 05:27:23,0.0
2013-09-01 05:27:33,0.0
2013-09-01 05:27:43,0.0
2013-09-01 05:27:53,0.0
2013-09-01 05:28:03,0.0
2013-09-01 05:28:13,0.0
2013-09-01 05:28:23,0.0
2013-09-01 05:28:33,0.0
2013-09-01 05:28:43,0.0
2013-09-01 05:28:53,0.0
2013-09-01 05:29:03,0.0
2013-09-01 05:29:13,0.0
2013-09-01 05:29:23,0.0
2013-09-01 05:29:33,0.0
2013-09-01 05:29:43,0.0
2013-09-01 05:29:53,0.0
2013-09-01 05:30:03,0.0
2013-09-01 05:30:13,0.0
2013-09-01 05:30:23,0.0
2013-09-01 05:30:33,0.0
2013-09-01 05:30:43,0.0
2013-09-01 05:30:53,0.0
2013-09-01 05:31:03,0.0
2013-09-01 05:31:13,0.0
2013-09-01 05:31:23,0.0
2013-09-01 05:31:33,0.0
2013-09-01 05:31:43,0.0
2013-09-01 05:31:53,0.0
2013-09-01 05:32:03,0.0
2013-09-01 05:32:13,0.0
2013-09-01 05:32:23,0.0
2013-09-01 05:32:33,0.0
2013-09-01 05:32:43,0.0
2013-09-01 05:32:53,0.0
2013-09-01 05:33:03,0.0
2013-09-01 05:33:13,0.0
2013-09-01 05:33:23,0.0
2013-09-01 05:33:33,0.0
2013-09-01 05:33:43,0.0
2013-09-01 05:33:53,0.0
2013-09-01 05:34:03,0.0
2013-09-01 05:34:13,0.0
2013-09-01 05:34:23,0.0
2013-09-01 05:34:33,0.0
2013-09-01 05:34:43,0.0
2013-09-01 05:34:53,0.0
2013-09-01 05:35:03,0.0
2013-09-01 05:35:13,0.0
2013-09-01 05:35:23,0.0
2013-09-01 05:35:33,0.0
2013-09-01 05:35:43,0.0
2013-09-01 05:35:53,0.0
2013-09-01 05:36:03,0.0
2013-09-01 05:36:13,0.0
2013-09-01 05:36:23,0.0
2013-09-01 05:36:33,0.0
2013-09-01 05:36:43,0.0
2013-09-01 05:36:53,0.0
2013-09-01 05:37:03,0.0
2013-09-01 05:37:13,0.0
2013-09-01 05:37:23,0.0
2013-09-01 05:37:33,0.0
2013-09-01 05:37:43,0.0
2013-09-01 05:37:53,0.0
2013-09-01 05:38:03,0.0
2013-09-01 05:38:13,0.0
2013-09-01 05:38:23,0.0
2013-09-01 05:38:33,0.0
2013-09-01 05:38:43,0.0
2013-09-01 05:38:53,0.0
2013-09-01 05:39:03,0.0
2013-09-01 05:39:13,0.0
2013-09-01 05:39:23,0.0
2013-09-01 05:39:33,0.0
2013-09-01 05:39:43,0.0
2013-09-01 05:39:53,0.0
2013-09-01 05:40:03,0.0
2013-09-01 05:40:13,0.0
2013-09-01 05:40:23,0.0
2013-09-01 05:40:33,0.0
2013-09-01 05:40:43,0.0
2013-09-01 05:40:53,0.0
2013-09-01 05:41:03,0.0
2013-09-01 05:41:13,0.0
2013-09-01 05:41:23,0.0
2013-09-01 05:41:33,0.0
2013-09-01 05:41:43,0.0
2013-09-01 05:41:53,0.0
2013-09-01 05:42:03,0.0
2013-09-01 05:42:13,0.0
2013-09-01 05:42:23,0.0
2013-09-01 05:42:33,0.0
2013-09-01 05:42:43,0.0
2013-09-01 05:42:53,0.0
2013-09-01 05:43:03,0.0
2013-09-01 05:43:13,0.0
2013-09-01 05:43:23,0.0
2013-09-01 05:43:33,0.0
2013-09-01 05:43:43,0.0
2013-09-01 05:43:53,0.0
2013-09-01 05:44:03,0.0
2013-09-01 05:44:13,0.0
2013-09-01 05:44:23,0.0
2013-09-01 05:44:33,0.0
2013-09-01 05:44:43,0.0
2013-09-01 05:44:53,0.0
2013-09-01 05:45:03,0.0
2013-09-01 05:45:13,0.0
2013-09-01 05:45:23,0.0
2013-09-01 05:45:33,0.0
2013-09-01 05:45:43,0.0
2013-09-01 05:45:53,0.0
2013-09-01 05:46:03,0.0
2013-09-01 05:46:13,0.0
2013-09-01 05:46:23,0.0
2013-09-01 05:46:33,0.0
2013-09-01 05:46:43,0.0
2013-09-01 05:46:53,0.0
2013-09-01 05:47:03,0.0
2013-09-01 05:47:13,0.0
2013-09-01 05:47:23,0.0
2013-09-01 05:47:33,0.0
2013-09-01 05:47:43,0.0
2013-09-01 05:47:53,0.0
2013-09-01 05:48:03,0.0
2013-09-01 05:48:13,0.0
2013-09-01 05:48:23,0.0
2013-09-01 05:48:33,0.0
2013-09-01 05:48:43,0.0
2013-09-01 05:48:53,0.0
2013-09-01 05:49:03,0.0
2013-09-01 05:49:13,0.0
2013-09-01 05:49:23,0.0
2013-09-01 05:49:33,0.0
2013-09-01 05:49:43,0.0
2013-09-01 05:49:53,0.0
2013-09-01 05:50:03,0.0
2013-09-01 05:50:13,0.0
2013-09-01 05:50:23,0.0
2013-09-01 05:50:33,0.0
2013-09-01 05:50:43,0.0
2013-09-01 05:50:53,0.0
2013-09-01 05:51:03,0.0
2013-09-01 05:51:13,0.0
2013-09-01 05:51:23,0.0
2013-09-01 05:51:33,0.0
2013-09-01 05:51:43,0.0
2013-09-01 05:51:53,0.0
2013-09-01 05:52:03,0.0
2013-09-01 05:52:13,0.0
2013-09-01 05:52:23,0.0
2013-09-01 05:52:33,0.0
2013-09-01 05:52:43,0.0
2013-09-01 05:52:53,0.0
2013-09-01 05:53:03,0.0
2013-09-01 05:53:13,0.0
2013-09-01 05:53:23,0.0
2013-09-01 05:53:33,0.0
2013-09-01 05:53:43,0.0
2013-09-01 05:53:53,0.0
2013-09-01 05:54:03,0.0
2013-09-01 05:54:13,0.0
2013-09-01 05:54:23,0.0
2013-09-01 05:54:33,0.0
2013-09-01 05:54:43,0.0
2013-09-01 05:54:53,0.0
2013-09-01 05:55:03,0.0
2013-09-01 05:55:13,0.0
2013-09-01 05:55:23,0.0
2013-09-01 05:55:33,0.0
2013-09-01 05:55:43,0.0
2013-09-01 05:55:53,0.0
2013-09-01 05:56:03,0.0
2013-09-01 05:56:13,0.0
2013-09-01 05:56:23,0.0
2013-09-01 05:56:33,0.0
2013-09-01 05:56:43,0.0
2013-09-01 05:56:53,0.0
2013-09-01 05:57:03,0.0
2013-09-01 05:57:13,0.0
2013-09-01 05:57:23,0.0
2013-09-01 05:57:33,0.0
2013-09-01 05:57:43,0.0
2013-09-01 05:57:53,0.0
2013-09-01 05:58:03,0.0
2013-09-01 05:58:13,0.0
2013-09-01 05:58:23,0.0
2013-09-01 05:58:33,0.0
2013-09-01 05:58:43,0.0
2013-09-01 05:58:53,0.0
2013-09-01 05:59:03,0.0
2013-09-01 05:59:13,0.0
2013-09-01 05:59:23,0.0
2013-09-01 05:59:33,0.0
2013-09-01 05:59:43,0.0
2013-09-01 05:59:53,0.0
2013-09-01 06:00:03,0.0
2013-09-01 06:00:13,0.0
2013-09-01 06:00:23,0.0
2013-09-01 06:00:33,0.0
2013-09-01 06:00:43,0.0
2013-09-01 06:00:53,0.0
2013-09-01 06:01:03,0.0
2013-09-01 06:01:13,0.0
2013-09-01 06:01:23,0.0
2013-09-01 06:01:33,0.0
2013-09-01 06:01:43,0.0
2013-09-01 06:01:53,0.0
2013-09-01 06:02:03,0.0
2013-09-01 06:02:13,0.0
2013-09-01 06:02:23,0.0
2013-09-01 06:02:33,0.0
2013-09-01 06:02:43,0.0
2013-09-01 06:02:53,0.0
2013-09-01 06:03:03,0.0
2013-09-01 06:03:13,0.0
2013-09-01 06:03:23,0.0
2013-09-01 06:03:33,0.0
2013-09-01 06:03:43,0.0
2013-09-01 06:03:53,0.0
2013-09-01 06:04:03,0.0
2013-09-01 06:04:13,0.0
2013-09-01 06:04:23,0.0
2013-09-01 06:04:33,0.0
2013-09-01 06:04:43,0.0
2013-09-01 06:04:53,0.0
2013-09-01 06:05:03,0.0
2013-09-01 06:05:13,0.0
2013-09-01 06:05:23,0.0
2013-09-01 06:05:33,0.0
2013-09-01 06:05:43,0.0
2013-09-01 06:05:53,0.0
2013-09-01 06:06:03,0.0
2013-09-01 06:06:13,0.0
2013-09-01 06:06:23,0.0
2013-09-01 06:06:33,0.0
2013-09-01 06:06:43,0.0
2013-09-01 06:06:53,0.0
2013-09-01 06:07:03,0.0
2013-09-01 06:07:13,0.0
2013-09-01 06:07:23,0.0
2013-09-01 06:07:33,0.0
2013-09-01 06:07:43,0.0
2013-09-01 06:07:53,0.0
2013-09-01 06:08:03,0.0
2013-09-01 06:08:13,0.0
2013-09-01 06:08:23,0.0
2013-09-01 06:08:33,0.0
2013-09-01 06:08:43,0.0
2013-09-01 06:08:53,0.0
2013-09-01 06:09:03,0.0
2013-09-01 06:09:13,0.0
2013-09-01 06:09:23,0.0
2013-09-01 06:09:33,0.0
2013-09-01 06:09:43,0.0
2013-09-01 06:09:53,0.0
2013-09-01 06:10:03,0.0
2013-09-01 06:10:13,0.0
2013-09-01 06:10:23,0.0
2013-09-01 06:10:33,0.0
2013-09-01 06:10:43,0.0
2013-09-01 06:10:53,0.0
2013-09-01 06:11:03,0.0
2013-09-01 06:11:13,0.0
2013-09-01 06:11:23,0.0
2013-09-01 06:11:33,0.0
2013-09-01 06:11:43,0.0
2013-09-01 06:11:53,0.0
2013-09-01 06:12:03,0.0
2013-09-01 06:12:13,0.0
2013-09-01 06:12:23,0.0
2013-09-01 06:12:33,0.0
2013-09-01 06:12:43,0.0
2013-09-01 06:12:53,0.0
2013-09-01 06:13:03,0.0
2013-09-01 06:13:13,0.0
2013-09-01 06:13:23,0.0
2013-09-01 06:13:33,0.0
2013-09-01 06:13:43,0.0
2013-09-01 06:13:53,0.0
2013-09-01 06:14:03,0.0
2013-09-01 06:14:13,0.0
2013-09-01 06:14:23,0.0
2013-09-01 06:14:33,0.0
2013-09-01 06:14:43,0.0
2013-09-01 06:14:53,0.0
2013-09-01 06:15:03,0.0
2013-09-01 06:15:13,0.0
2013-09-01 06:15:23,0.0
2013-09-01 06:15:33,0.0
2013-09-01 06:15:43,0.0
2013-09-01 06:15:53,0.0
2013-09-01 06:16:03,0.0
2013-09-01 06:16:13,0.0
2013-09-01 06:16:23,0.0
2013-09-01 06:16:33,0.0
2013-09-01 06:16:43,0.0
2013-09-01 06:16:53,0.0
2013-09-01 06:17:03,0.0
2013-09-01 06:17:13,0.0
2013-09-01 06:17:23,0.0
2013-09-01 06:17:33,0.0
2013-09-01 06:17:43,0.0
2013-09-01 06:17:53,0.0
2013-09-01 06:18:03,0.0
2013-09-01 06:18:13,0.0
2013-09-01 06:18:23,0.0
2013-09-01 06:18:33,0.0
2013-09-01 06:18:43,0.0
2013-09-01 06:18:53,0.0
2013-09-01 06:19:03,0.0
2013-09-01 06:19:13,0.0
2013-09-01 06:19:23,0.0
2013-09-01 06:19:33,0.0
2013-09-01 06:19:43,0.0
2013-09-01 06:19:53,0.0
2013-09-01 06:20:03,0.0
2013-09-01 06:20:13,0.0
2013-09-01 06:20:26,0.0
2013-09-01 06:20:33,0.0
2013-09-01 06:20:43,0.0
2013-09-01 06:20:53,0.0
2013-09-01 06:21:03,0.0
2013-09-01 06:21:13,0.0
2013-09-01 06:21:23,0.0
2013-09-01 06:21:33,0.0
2013-09-01 06:21:43,0.0
2013-09-01 06:21:53,0.0
2013-09-01 06:22:03,0.0
2013-09-01 06:22:13,0.0
2013-09-01 06:22:23,0.0
2013-09-01 06:22:33,0.0
2013-09-01 06:22:43,0.0
2013-09-01 06:22:53,0.0
2013-09-01 06:23:03,0.0
2013-09-01 06:23:13,0.0
2013-09-01 06:23:23,0.0
2013-09-01 06:23:33,0.0
2013-09-01 06:23:43,0.0
2013-09-01 06:23:53,0.0
2013-09-01 06:24:03,0.0
2013-09-01 06:24:13,0.0
2013-09-01 06:24:23,0.0
2013-09-01 06:24:33,0.0
2013-09-01 06:24:43,0.0
2013-09-01 06:24:53,0.0
2013-09-01 06:25:03,0.0
2013-09-01 06:25:13,0.0
2013-09-01 06:25:23,0.0
2013-09-01 06:25:33,0.0
2013-09-01 06:25:43,0.0
2013-09-01 06:25:53,0.0
2013-09-01 06:26:03,0.0
2013-09-01 06:26:13,0.0
2013-09-01 06:26:23,0.0
2013-09-01 06:26:33,0.0
2013-09-01 06:26:43,0.0
2013-09-01 06:26:53,0.0
2013-09-01 06:27:03,0.0
2013-09-01 06:27:13,0.0
2013-09-01 06:27:23,0.0
2013-09-01 06:27:33,0.0
2013-09-01 06:27:43,0.0
2013-09-01 06:27:53,0.0
2013-09-01 06:28:03,0.0
2013-09-01 06:28:13,0.0
2013-09-01 06:28:23,0.0
2013-09-01 06:28:33,0.0
2013-09-01 06:28:43,0.0
2013-09-01 06:28:53,0.0
2013-09-01 06:29:03,0.0
2013-09-01 06:29:13,0.0
2013-09-01 06:29:23,0.0
2013-09-01 06:29:33,0.0
2013-09-01 06:29:43,0.0
2013-09-01 06:29:53,0.0
2013-09-01 06:30:03,0.0
2013-09-01 06:30:13,0.0
2013-09-01 06:30:23,0.0
2013-09-01 06:30:33,0.0
2013-09-01 06:30:43,0.0
2013-09-01 06:30:53,0.0
2013-09-01 06:31:03,0.0
2013-09-01 06:31:13,0.0
2013-09-01 06:31:23,0.0
2013-09-01 06:31:33,0.0
2013-09-01 06:31:43,0.0
2013-09-01 06:31:53,0.0
2013-09-01 06:32:03,0.0
2013-09-01 06:32:13,0.0
2013-09-01 06:32:23,0.0
2013-09-01 06:32:33,0.0
2013-09-01 06:32:43,0.0
2013-09-01 06:32:53,0.0
2013-09-01 06:33:03,0.0
2013-09-01 06:33:13,0.0
2013-09-01 06:33:23,0.0
2013-09-01 06:33:33,0.0
2013-09-01 06:33:43,0.0
2013-09-01 06:33:53,0.0
2013-09-01 06:34:03,0.0
2013-09-01 06:34:13,0.0
2013-09-01 06:34:23,0.0
2013-09-01 06:34:33,0.0
2013-09-01 06:34:43,0.0
2013-09-01 06:34:53,0.0
2013-09-01 06:35:03,0.0
2013-09-01 06:35:13,0.0
2013-09-01 06:35:23,0.0
2013-09-01 06:35:33,0.0
2013-09-01 06:35:43,0.0
2013-09-01 06:35:53,0.0
2013-09-01 06:36:03,0.0
2013-09-01 06:36:13,0.0
2013-09-01 06:36:23,0.0
2013-09-01 06:36:33,0.0
2013-09-01 06:36:43,0.0
2013-09-01 06:36:53,0.0
2013-09-01 06:37:03,0.0
2013-09-01 06:37:13,0.0
2013-09-01 06:37:23,0.0
2013-09-01 06:37:33,0.0
2013-09-01 06:37:43,0.0
2013-09-01 06:37:53,0.0
2013-09-01 06:38:03,0.0
2013-09-01 06:38:13,0.0
2013-09-01 06:38:23,0.0
2013-09-01 06:38:33,0.0
2013-09-01 06:38:43,0.0
2013-09-01 06:38:53,0.0
2013-09-01 06:39:03,0.0
2013-09-01 06:39:13,0.0
2013-09-01 06:39:23,0.0
2013-09-01 06:39:33,0.0
2013-09-01 06:39:43,0.0
2013-09-01 06:39:53,0.0
2013-09-01 06:40:03,0.0
2013-09-01 06:40:13,0.0
2013-09-01 06:40:23,0.0
2013-09-01 06:40:33,0.0
2013-09-01 06:40:43,0.0
2013-09-01 06:40:53,0.0
2013-09-01 06:41:03,0.0
2013-09-01 06:41:13,0.0
2013-09-01 06:41:23,0.0
2013-09-01 06:41:33,0.0
2013-09-01 06:41:43,0.0
2013-09-01 06:41:53,0.0
2013-09-01 06:42:03,0.0
2013-09-01 06:42:13,0.0
2013-09-01 06:42:23,0.0
2013-09-01 06:42:33,0.0
2013-09-01 06:42:43,0.0
2013-09-01 06:42:53,0.0
2013-09-01 06:43:03,0.0
2013-09-01 06:43:13,0.0
2013-09-01 06:43:23,0.0
2013-09-01 06:43:33,0.0
2013-09-01 06:43:43,0.0
2013-09-01 06:43:53,0.0
2013-09-01 06:44:03,0.0
2013-09-01 06:44:13,0.0
2013-09-01 06:44:24,0.0
2013-09-01 06:44:33,0.0
2013-09-01 06:44:43,0.0
2013-09-01 06:44:53,0.0
2013-09-01 06:45:03,0.0
2013-09-01 06:45:13,0.0
2013-09-01 06:45:23,0.0
2013-09-01 06:45:33,0.0
2013-09-01 06:45:43,0.0
2013-09-01 06:45:53,0.0
2013-09-01 06:46:03,0.0
2013-09-01 06:46:13,0.0
2013-09-01 06:46:23,0.0
2013-09-01 06:46:33,0.0
2013-09-01 06:46:43,0.0
2013-09-01 06:46:53,0.0
2013-09-01 06:47:03,0.0
2013-09-01 06:47:13,0.0
2013-09-01 06:47:23,0.0
2013-09-01 06:47:33,0.0
2013-09-01 06:47:43,0.0
2013-09-01 06:47:53,0.0
2013-09-01 06:48:03,0.0
2013-09-01 06:48:13,0.0
2013-09-01 06:48:23,0.0
2013-09-01 06:48:33,0.0
2013-09-01 06:48:43,0.0
2013-09-01 06:48:53,0.0
2013-09-01 06:49:03,0.0
2013-09-01 06:49:13,0.0
2013-09-01 06:49:23,0.0
2013-09-01 06:49:33,0.0
2013-09-01 06:49:43,0.0
2013-09-01 06:49:53,0.0
2013-09-01 06:50:03,0.0
2013-09-01 06:50:13,0.0
2013-09-01 06:50:23,0.0
2013-09-01 06:50:33,0.0
2013-09-01 06:50:43,0.0
2013-09-01 06:50:53,0.0
2013-09-01 06:51:03,0.0
2013-09-01 06:51:13,0.0
2013-09-01 06:51:23,0.0
2013-09-01 06:51:33,0.0
2013-09-01 06:51:43,0.0
2013-09-01 06:51:53,0.0
2013-09-01 06:52:03,0.0
2013-09-01 06:52:13,0.0
2013-09-01 06:52:23,0.0
2013-09-01 06:52:33,0.0
2013-09-01 06:52:43,0.0
2013-09-01 06:52:53,0.0
2013-09-01 06:53:03,0.0
2013-09-01 06:53:13,0.0
2013-09-01 06:53:24,0.0
2013-09-01 06:53:33,0.0
2013-09-01 06:53:43,0.0
2013-09-01 06:53:53,0.0
2013-09-01 06:54:03,0.0
2013-09-01 06:54:13,0.0
2013-09-01 06:54:23,0.0
2013-09-01 06:54:33,0.0
2013-09-01 06:54:43,0.0
2013-09-01 06:54:53,0.0
2013-09-01 06:55:03,0.0
2013-09-01 06:55:13,0.0
2013-09-01 06:55:23,0.0
2013-09-01 06:55:33,0.0
2013-09-01 06:55:43,0.0
2013-09-01 06:55:53,0.0
2013-09-01 06:56:03,0.0
2013-09-01 06:56:13,0.0
2013-09-01 06:56:23,0.0
2013-09-01 06:56:33,0.0
2013-09-01 06:56:43,0.0
2013-09-01 06:56:53,0.0
2013-09-01 06:57:03,0.0
2013-09-01 06:57:13,0.0
2013-09-01 06:57:23,0.0
2013-09-01 06:57:33,0.0
2013-09-01 06:57:43,0.0
2013-09-01 06:57:53,0.0
2013-09-01 06:58:03,0.0
2013-09-01 06:58:13,0.0
2013-09-01 06:58:23,0.0
2013-09-01 06:58:33,0.0
2013-09-01 06:58:43,0.0
2013-09-01 06:58:53,0.0
